Data,Ãšltimo,Var%,Cumulative
2015-06-05,52973.37,-1.03,0.0
2015-06-08,52809.63,-0.31,-0.30909870374492554
2015-06-09,52815.99,0.01,-0.29709267127994154
2015-06-10,53876.44,2.01,1.7047622229811044
2015-06-11,53688.51,-0.35,1.3499990655682303
2015-06-12,53347.53,-0.64,0.7063171552045722
2015-06-15,53137.53,-0.39,0.3098915549454295
2015-06-16,53702.15,1.06,1.375747852175535
2015-06-17,53248.54,-0.84,0.5194496782062297
2015-06-18,54238.59,1.86,2.3884076093327433
2015-06-19,53749.41,-0.9,1.4649624896433844
2015-06-22,53863.67,0.21,1.6806557710034253
2015-06-23,53772.43,-0.17,1.5084182863955853
2015-06-24,53842.53,0.13,1.6407489272439957
2015-06-25,53175.66,-1.24,0.3818711175067824
2015-06-26,54016.97,1.58,1.9700464591926092
2015-06-29,53014.21,-1.86,0.07709534054562983
2015-06-30,53080.88,0.13,0.2029510299231374
2015-07-01,52757.53,-0.61,-0.4074500074282672
2015-07-02,53106.18,0.66,0.25071087604959796
2015-07-03,52519.4,-1.1,-0.8569777607126072
2015-07-06,52149.37,-0.7,-1.5554985457787551
2015-07-07,52343.71,0.37,-1.1886349688532194
2015-07-08,51781.74,-1.07,-2.24948875255625
2015-07-10,52590.72,1.56,-0.7223440759007826
2015-07-13,53119.47,1.01,0.2757989533231475
2015-07-14,53239.17,0.23,0.5017615454708579
2015-07-15,52902.28,-0.63,-0.13419950439249595
2015-07-16,53069.75,0.32,0.18194047310939876
2015-07-17,52341.8,-1.37,-1.1922405540746195
2015-07-20,51600.07,-1.42,-2.5924346515994734
2015-07-21,51474.28,-0.24,-2.829893586154708
2015-07-22,50915.78,-1.09,-3.8841969087486827
2015-07-23,49806.62,-2.18,-5.978003664860287
2015-07-24,49245.84,-1.13,-7.036611036828511
2015-07-27,48735.54,-1.04,-7.99992524545824
2015-07-28,49601.6,1.78,-6.36502831517044
2015-07-29,50245.15,1.3,-5.150172624471505
2015-07-30,49897.4,-0.69,-5.806634541091116
2015-07-31,50864.77,1.94,-3.9804905747925945
2015-08-03,50138.05,-1.43,-5.352349680603663
2015-08-04,50058.49,-0.16,-5.502538350873287
2015-08-05,50287.27,0.46,-5.070660975505248
2015-08-06,50011.32,-0.55,-5.5915830916553055
2015-08-07,48577.32,-2.87,-8.298603619139211
2015-08-10,49353.0,1.6,-6.834320716239128
2015-08-11,49072.34,-0.57,-7.364134092280716
2015-08-12,48388.05,-1.39,-8.655896349429915
2015-08-13,48009.57,-0.78,-9.37036854555412
2015-08-14,47508.41,-1.04,-10.316428801867804
2015-08-17,47217.43,-0.61,-10.865723664550696
2015-08-18,47450.58,0.49,-10.425596861215357
2015-08-19,46588.39,-1.82,-12.05318823401268
2015-08-20,46649.23,0.13,-11.93833807439474
2015-08-21,45719.64,-1.99,-13.693163187465707
2015-08-24,44336.47,-3.03,-16.304229842277362
2015-08-25,44544.85,0.47,-15.910862382363067
2015-08-26,46038.08,3.35,-13.092030958196544
2015-08-27,47715.27,3.64,-9.925930708203023
2015-08-28,47153.87,-1.18,-10.985708479562462
2015-08-31,46625.52,-1.12,-11.983096412404958
2015-09-01,45477.06,-2.46,-14.151091387993642
2015-09-02,46463.96,2.17,-12.288079840870992
2015-09-03,47365.87,1.94,-10.585507397396087
2015-09-04,46497.72,-1.83,-12.22434970627695
2015-09-08,46762.07,0.57,-11.725325385188823
2015-09-09,46657.1,-0.22,-11.923481553089799
2015-09-10,46503.99,-0.33,-12.212513570497785
2015-09-11,46400.51,-0.22,-12.407857004377865
2015-09-14,47281.52,1.9,-10.744738346833527
2015-09-15,47364.07,0.17,-10.588905331112597
2015-09-16,48553.1,2.51,-8.344324705035767
2015-09-17,48551.08,-0.0,-8.348137941762058
2015-09-18,47264.08,-2.65,-10.77766054906456
2015-09-21,46590.2,-1.43,-12.049771422886646
2015-09-22,46264.61,-0.7,-12.664400999974145
2015-09-23,45340.11,-2.0,-14.4096175115912
2015-09-24,45291.97,-0.11,-14.500493361098233
2015-09-25,44831.46,-1.02,-15.369816947647475
2015-09-28,43956.63,-1.95,-17.02126936609848
2015-09-29,44131.82,0.4,-16.690556028434667
2015-09-30,45059.34,2.1,-14.93963853913769
2015-10-01,45313.27,0.56,-14.460284478786233
2015-10-02,47033.46,3.8,-11.213011367787251
2015-10-05,47598.07,1.2,-10.147173947966692
2015-10-06,47735.11,0.29,-9.888477927683292
2015-10-07,48914.32,2.47,-7.662434917770955
2015-10-08,49106.56,0.39,-7.299535596848006
2015-10-09,49338.41,0.47,-6.861862856752365
2015-10-13,47362.64,-4.0,-10.591604800676269
2015-10-14,46710.44,-1.38,-11.822789450623961
2015-10-15,47161.15,0.96,-10.971965725420151
2015-10-16,47236.1,0.16,-10.830479540946714
2015-10-19,47447.31,0.45,-10.431769774133691
2015-10-20,47076.55,-0.78,-11.131668610095979
2015-10-21,47025.87,-0.11,-11.227339321625184
2015-10-22,47772.14,1.59,-9.818574880170928
2015-10-23,47596.59,-0.37,-10.149967804578042
2015-10-26,47209.32,-0.81,-10.881033243684524
2015-10-27,47042.95,-0.35,-11.195096706137452
2015-10-28,46740.85,-0.64,-11.765383248224538
2015-10-29,45628.35,-2.38,-13.865495059121224
2015-10-30,45868.82,0.53,-13.411549992005423
2015-11-03,48053.67,4.76,-9.287119169499702
2015-11-04,47710.1,-0.71,-9.9356903289332
2015-11-05,48046.76,0.71,-9.300163459489175
2015-11-06,46918.52,-2.35,-11.429988312995764
2015-11-09,46194.92,-1.54,-12.795957667031576
2015-11-10,46206.57,0.03,-12.773965484921955
2015-11-11,47065.01,1.86,-11.153453140700698
2015-11-12,46883.58,-0.39,-11.495945981915067
2015-11-13,46517.04,-0.78,-12.18787855105311
2015-11-16,46846.87,0.71,-11.565244952322274
2015-11-17,47247.8,0.86,-10.808392971789404
2015-11-18,47435.58,0.4,-10.453912975519586
2015-11-19,48138.89,1.48,-9.126245885432628
2015-11-23,48150.27,0.02,-9.1047633933805
2015-11-24,48284.19,0.28,-8.851957124872367
2015-11-25,46866.63,-2.94,-11.52794319107885
2015-11-26,47145.63,0.6,-11.001263465020262
2015-11-27,45872.92,-2.7,-13.403810254095605
2015-11-30,45120.36,-1.64,-14.824448586148097
2015-12-01,45046.75,-0.16,-14.963405197743695
2015-12-02,44914.53,-0.29,-15.213002306630674
2015-12-03,46393.26,3.29,-12.421543126291567
2015-12-04,45360.76,-2.23,-14.370635660899056
2015-12-07,45222.7,-0.3,-14.631257176955149
2015-12-08,44443.26,-1.72,-16.102637985840808
2015-12-09,46108.03,3.75,-12.959983478491177
2015-12-10,45630.71,-1.04,-13.861039990470692
2015-12-11,45262.72,-0.81,-14.555709783991466
2015-12-14,44747.31,-1.14,-15.528670348894181
2015-12-15,44872.47,0.28,-15.292400691139719
2015-12-16,45015.85,0.32,-15.021736393210405
2015-12-17,45261.48,0.55,-14.558050582773951
2015-12-18,43910.6,-2.98,-17.108162082193378
2015-12-21,43199.95,-1.62,-18.449685190879883
2015-12-22,43469.52,0.62,-17.940806862013893
2015-12-23,44014.93,1.25,-16.911214068502723
2015-12-28,43764.34,-0.57,-17.384263074069118
2015-12-29,43653.97,-0.25,-17.592613043119588
2015-12-30,43349.96,-0.7,-18.166505170428092
2016-01-04,42141.04,-2.79,-20.44863296407233
2016-01-05,42419.32,0.66,-19.923312411500348
2016-01-06,41773.14,-1.52,-21.143132860907286
2016-01-07,40694.72,-2.58,-23.178910460104763
2016-01-08,40612.21,-0.2,-23.33466796618755
2016-01-11,39950.49,-1.63,-24.583823910013656
2016-01-12,39513.83,-1.09,-25.408124874819183
2016-01-13,38944.44,-1.44,-26.48298569639802
2016-01-14,39500.11,1.43,-25.434024680702784
2016-01-15,38569.13,-2.36,-27.19147375369927
2016-01-18,37937.27,-1.64,-28.384261752650442
2016-01-19,38057.01,0.32,-28.158223650864578
2016-01-20,37645.48,-1.08,-28.935085685505758
2016-01-21,37717.11,0.19,-28.79986680099832
2016-01-22,38031.22,0.83,-28.206908490058314
2016-01-26,37497.48,-1.4,-29.21447134664077
2016-01-27,38376.37,2.34,-27.555354699918087
2016-01-28,38630.19,0.66,-27.076208291071534
2016-01-29,40405.99,4.6,-23.723957905642035
2016-02-01,40570.04,0.41,-23.414274002201484
2016-02-02,38596.17,-4.87,-27.140429238313523
2016-02-03,39588.82,2.57,-25.266563180707593
2016-02-04,40821.74,3.11,-22.9391296041766
2016-02-05,40592.09,-0.56,-23.37264931417429
2016-02-10,40376.58,-0.53,-23.779476367087838
2016-02-11,39318.3,-2.62,-25.777234863479514
2016-02-12,39808.05,1.25,-24.852713731446574
2016-02-15,40092.89,0.72,-24.315009598218886
2016-02-16,40947.7,2.13,-22.70134975365925
2016-02-17,41630.82,1.67,-21.411796153425776
2016-02-18,41477.63,-0.37,-21.700979190110058
2016-02-19,41543.4,0.16,-21.576822467590794
2016-02-22,43234.85,4.07,-18.38380303159871
2016-02-23,42520.94,-1.65,-19.73148017579399
2016-02-24,42084.56,-1.03,-20.55525257313251
2016-02-25,41887.9,-0.47,-20.926495709070426
2016-02-26,41593.08,-0.7,-21.4830394970152
2016-02-29,42793.86,2.89,-19.216277914733382
2016-03-01,44121.79,3.1,-16.70949007019943
2016-03-02,44893.48,1.75,-15.252739253704261
2016-03-03,47193.39,5.12,-10.911104957075612
2016-03-04,49084.87,4.01,-7.340480698131913
2016-03-07,49246.1,0.33,-7.036120224180575
2016-03-08,49102.14,-0.29,-7.307879411862983
2016-03-09,48665.09,-0.89,-8.132916595640427
2016-03-10,49571.11,1.86,-6.422585536846159
2016-03-11,49638.68,0.14,-6.295030880610398
2016-03-14,48867.33,-1.55,-7.751139865181322
2016-03-15,47130.02,-3.56,-11.030731101306191
2016-03-16,47763.43,1.34,-9.83501710387692
2016-03-17,50913.79,6.6,-3.8879535132463783
2016-03-18,50814.66,-0.19,-4.07508527397823
2016-03-21,51171.55,0.7,-3.401369405042576
2016-03-22,51010.19,-0.32,-3.7059752853178862
2016-03-23,49690.05,-2.59,-6.198057627823184
2016-03-24,49657.39,-0.07,-6.25971124736826
2016-03-28,50838.23,2.38,-4.030591219701519
2016-03-29,51154.99,0.62,-3.4326303952344484
2016-03-30,51248.92,0.18,-3.2553148874613913
2016-03-31,50055.27,-2.33,-5.5086168767439325
2016-04-01,50561.53,1.01,-4.552929141566797
2016-04-04,48779.99,-3.52,-7.916015160070056
2016-04-05,49053.62,0.56,-7.399472602932377
2016-04-06,48096.24,-1.95,-9.206758037104311
2016-04-07,48513.1,0.87,-8.419834343180366
2016-04-08,50292.93,3.67,-5.059976361707785
2016-04-11,50165.47,-0.25,-5.300587823655545
2016-04-12,52001.86,3.66,-1.8339592138465033
2016-04-13,53149.84,2.21,0.3331296460844291
2016-04-14,52411.02,-1.39,-1.0615711252654036
2016-04-15,53227.74,1.56,0.48018466637103074
2016-04-18,52894.08,-0.63,-0.14967898021213122
2016-04-19,53710.05,1.54,1.390661005709104
2016-04-20,53630.93,-0.15,1.241302941459077
2016-04-22,52907.88,-1.35,-0.12362815505225777
2016-04-25,51861.71,-1.98,-2.0985261084956575
2016-04-26,53082.5,2.35,0.2060091702680067
2016-04-27,54477.78,2.63,2.839936368027929
2016-04-28,54311.97,-0.3,2.5269300405090345
2016-04-29,53910.51,-0.74,1.7690775572707595
2016-05-02,53561.53,-0.65,1.1102937192781992
2016-05-03,52260.19,-2.43,-1.3462990932991414
2016-05-04,52552.8,0.56,-0.7939272128618557
2016-05-05,51671.04,-1.68,-2.458461676121415
2016-05-06,51717.83,0.09,-2.3701342769017697
2016-05-09,50990.06,-1.41,-3.7439755107141703
2016-05-10,53070.91,4.08,0.18413025261561078
2016-05-11,52764.46,-0.58,-0.39436796261971274
2016-05-12,53241.31,0.9,0.5058013111115978
2016-05-13,51804.31,-2.7,-2.20688243923316
2016-05-16,51802.92,-0.0,-2.2095063991586783
2016-05-17,50839.44,-1.86,-4.028307053147651
2016-05-18,50561.7,-0.55,-4.552608225604682
2016-05-19,50132.53,-0.85,-5.362770010667628
2016-05-20,49722.75,-0.82,-6.136328498639987
2016-05-23,49330.42,-0.79,-6.876945906971754
2016-05-24,49345.19,0.03,-6.849063973086855
2016-05-25,49482.86,0.28,-6.589178676002683
2016-05-27,49051.49,-0.87,-7.403493491163582
2016-05-30,48964.34,-0.18,-7.568010115271139
2016-05-31,48471.71,-1.01,-8.497967941250483
2016-06-01,49012.65,1.12,-7.476813349801992
2016-06-02,49887.24,1.78,-5.825813989179851
2016-06-03,50619.5,1.47,-4.443496798485736
2016-06-06,50431.8,-0.37,-4.797825775479259
2016-06-07,50487.86,0.11,-4.691999017619608
2016-06-08,51629.29,2.26,-2.537274860934846
2016-06-09,51118.46,-0.99,-3.501589572270003
2016-06-10,49422.16,-3.32,-6.703764551887104
2016-06-13,49660.79,0.48,-6.253292928125964
2016-06-14,48648.29,-2.04,-8.164630643661152
2016-06-15,48914.74,0.55,-7.66164206657044
2016-06-16,49411.62,1.02,-6.723661341538212
2016-06-17,49533.84,0.25,-6.4929416421874
2016-06-20,50329.36,1.61,-4.991205958767586
2016-06-21,50837.8,1.01,-4.03140294831158
2016-06-22,50156.3,-1.34,-5.317898408200195
2016-06-23,51559.82,2.8,-2.668416224982484
2016-06-24,50105.26,-2.82,-5.414248706472701
2016-06-27,49245.53,-1.72,-7.037196236524135
2016-06-28,50006.56,1.55,-5.6005687385945135
2016-06-29,51001.91,1.99,-3.721605780413817
2016-06-30,51526.93,1.03,-2.730504024946878
2016-07-01,52233.04,1.37,-1.3975512601897888
2016-07-04,52568.66,0.64,-0.7639876413375268
2016-07-05,51842.27,-1.38,-2.1352237926339335
2016-07-06,51901.81,0.11,-2.0228276962556913
2016-07-07,52014.66,0.22,-1.8097961296402287
2016-07-08,53140.74,2.16,0.31595120340652816
2016-07-11,53960.11,1.54,1.8627095085700596
2016-07-12,54256.41,0.55,2.4220471531261945
2016-07-13,54598.28,0.63,3.0674091529385272
2016-07-14,55480.87,1.62,4.733510441189592
2016-07-15,55578.24,0.18,4.917319777843088
2016-07-18,56484.22,1.63,6.627575326999202
2016-07-19,56698.06,0.38,7.031249852520238
2016-07-20,56578.05,-0.21,6.804702060676893
2016-07-21,56641.49,0.11,6.9244603467742305
2016-07-22,57002.08,0.64,7.605160857238258
2016-07-25,56872.73,-0.23,7.3609815648881805
2016-07-26,56782.75,-0.16,7.191122633881886
2016-07-27,56852.84,0.12,7.323434397320749
2016-07-28,56667.12,-0.33,6.972843147415397
2016-07-29,57308.21,1.13,8.183054995368423
2016-08-01,56755.76,-0.96,7.140172505543818
2016-08-02,56162.38,-1.05,6.020024778487754
2016-08-03,57076.91,1.63,7.746420512797281
2016-08-04,57593.9,0.91,8.72236370840669
2016-08-05,57661.14,0.12,8.849295410127755
2016-08-08,57635.43,-0.04,8.800761590210326
2016-08-09,57689.42,0.09,8.902680724295987
2016-08-10,56919.78,-1.33,7.44979977675575
2016-08-11,58299.57,2.42,10.05448586714419
2016-08-12,58298.41,-0.0,10.052296087638002
2016-08-15,59145.98,1.45,11.652288687693456
2016-08-16,58855.43,-0.49,11.103805553620628
2016-08-17,59323.83,0.8,11.988023416293881
2016-08-18,59166.02,-0.27,11.690119016403887
2016-08-19,59098.92,-0.11,11.563451598416318
2016-08-22,57781.24,-2.23,9.07601309865691
2016-08-23,58020.03,0.41,9.526786760970651
2016-08-24,57717.88,-0.52,8.956405831835879
2016-08-25,57722.14,0.01,8.964447608298286
2016-08-26,57716.25,-0.01,8.953328814081484
2016-08-29,58610.39,1.55,10.641233510346805
2016-08-30,58575.42,-0.06,10.575219209198883
2016-08-31,57901.11,-1.15,9.302296606766758
2016-09-01,58236.27,0.58,9.93499186478035
2016-09-02,59616.4,2.37,12.540319787093024
2016-09-05,59566.34,-0.08,12.445819474955044
2016-09-06,60129.44,0.95,13.508806405935658
2016-09-08,60231.65,0.17,13.701752408804646
2016-09-09,57999.73,-3.71,9.488465619612274
2016-09-12,58586.11,1.01,10.595399159993036
2016-09-13,56820.77,-3.01,7.262894544938314
2016-09-14,57059.46,0.42,7.7134794331567
2016-09-15,57909.49,1.49,9.318115875958032
2016-09-16,57079.76,-1.43,7.7518005745150775
2016-09-19,57350.38,0.47,8.262661031382358
2016-09-20,57736.46,0.67,8.991480058754053
2016-09-21,58393.92,1.14,10.232594226117753
2016-09-22,58994.17,1.03,11.365710733525148
2016-09-23,58697.0,-0.5,10.804730754339387
2016-09-26,58053.53,-1.1,9.590026082916747
2016-09-27,58382.49,0.57,10.211017347017926
2016-09-28,59355.77,1.67,12.048317862352341
2016-09-29,58350.57,-1.69,10.150760655778557
2016-09-30,58367.05,0.03,10.181870626694135
2016-10-03,59461.23,1.87,12.247399023320593
2016-10-04,59339.23,-0.21,12.017094626979553
2016-10-05,60254.34,1.54,13.744585251042164
2016-10-06,60644.24,0.65,14.48061544885666
2016-10-07,61108.98,0.77,15.357924179639703
2016-10-10,61668.33,0.92,16.413832082044234
2016-10-11,61021.85,-1.05,15.193445310351205
2016-10-13,61118.58,0.16,15.376046492794405
2016-10-14,61767.22,1.06,16.600510784947218
2016-10-17,62696.11,1.5,18.354014479350656
2016-10-18,63782.21,1.73,20.404289929071908
2016-10-19,63505.61,-0.43,19.88214078130199
2016-10-20,63837.85,0.52,20.50932383573103
2016-10-21,64108.08,0.42,21.019448073626435
2016-10-24,64059.89,-0.08,20.928477837071725
2016-10-25,63866.2,-0.3,20.56284129176602
2016-10-26,63825.69,-0.06,20.486368905735098
2016-10-27,64249.5,0.66,21.286412399286657
2016-10-28,64307.63,0.09,21.3961467809203
2016-10-31,64924.52,0.96,22.56067529779584
2016-11-01,63326.42,-2.46,19.54387647982372
2016-11-03,61750.17,-2.49,16.568324801688085
2016-11-04,61598.39,-0.25,16.28180347974841
2016-11-07,64051.65,3.98,20.912922851613924
2016-11-08,64157.68,0.17,21.113080024925736
2016-11-09,63258.27,-1.4,19.415226933834862
2016-11-10,61200.96,-3.25,15.531558592553196
2016-11-11,59183.51,-3.3,11.723135605682632
2016-11-14,59657.46,0.8,12.617830430648457
2016-11-16,60759.32,1.85,14.69785667779866
2016-11-17,59770.47,-1.63,12.831164035816478
2016-11-18,59961.76,0.32,13.192270002833496
2016-11-21,61070.27,1.85,15.284849727325245
2016-11-22,61954.47,1.45,16.953990278511633
2016-11-23,61985.91,0.05,17.013340854093293
2016-11-24,61395.53,-0.95,15.898856349898072
2016-11-25,61559.08,0.27,16.2075963828618
2016-11-28,62855.5,2.11,18.65490150994735
2016-11-29,60986.52,-2.97,15.126751422459982
2016-11-30,61906.36,1.51,16.863171061233206
2016-12-01,59506.54,-3.88,12.332932565928868
2016-12-02,60316.13,1.36,13.861228764566036
2016-12-05,59831.73,-0.8,12.946807046634934
2016-12-06,61088.25,2.1,15.318791309671242
2016-12-07,61414.4,0.53,15.934478021692788
2016-12-08,60676.57,-1.2,14.541646113887019
2016-12-09,60500.62,-0.29,14.209498093098482
2016-12-12,59178.61,-2.19,11.713885675009905
2016-12-13,59280.57,0.17,11.906359742640493
2016-12-14,58212.12,-1.8,9.889402920750555
2016-12-15,58396.16,0.32,10.23682276585387
2016-12-16,58389.04,-0.01,10.223382050264117
2016-12-19,57110.99,-2.19,7.81075472449646
2016-12-20,57582.89,0.83,8.701579680507399
2016-12-21,57646.52,0.11,8.821696637385902
2016-12-22,57255.22,-0.68,8.083023602236361
2016-12-23,57937.11,1.19,9.370255281096895
2016-12-26,58620.26,1.18,10.659865513558975
2016-12-27,58696.69,0.13,10.804145554643775
2016-12-28,59781.63,1.85,12.852231224858812
2016-12-29,60227.29,0.75,13.693521858246882
2017-01-02,59588.7,-1.06,12.488029362677878
2017-01-03,61813.83,3.73,16.688498390795225
2017-01-04,61589.06,-0.36,16.26419085665116
2017-01-05,62070.98,0.78,17.173930977017314
2017-01-06,61665.37,-0.65,16.408244368821535
2017-01-09,61700.29,0.06,16.474164282921766
2017-01-10,62131.8,0.7,17.288743381816186
2017-01-11,62446.26,0.51,17.882362402089957
2017-01-12,63953.93,2.41,20.728452805626674
2017-01-13,63651.52,-0.47,20.157581063843956
2017-01-16,63831.28,0.28,20.49692137766579
2017-01-17,64354.34,0.82,21.48432316086364
2017-01-18,64149.58,-0.32,21.097789323201454
2017-01-19,63950.86,-0.31,20.722657440899074
2017-01-20,64521.18,0.89,21.79927386156477
2017-01-23,65748.63,1.9,24.11638149507951
2017-01-24,65840.09,0.14,24.28903428269713
2017-01-26,66190.62,0.53,24.95074411916778
2017-01-27,66033.99,-0.24,24.655067253603093
2017-01-30,64301.73,-2.62,21.385009109293975
2017-01-31,64670.78,0.57,22.08167990822558
2017-02-01,64836.13,0.26,22.39381787490582
2017-02-02,64578.22,-0.4,21.906950605558983
2017-02-03,64953.93,0.58,22.616193759241664
2017-02-06,63992.93,-1.48,20.802074702817652
2017-02-07,64198.9,0.32,21.190892707033736
2017-02-08,64835.4,0.99,22.392439824009692
2017-02-09,64964.89,0.2,22.63688340009329
2017-02-10,66124.53,1.79,24.825983319543376
2017-02-13,66967.64,1.28,26.41755659494571
2017-02-14,66712.88,-0.38,25.93663570960276
2017-02-15,67975.58,1.89,28.320286211732416
2017-02-16,67814.24,-0.24,28.015718086276188
2017-02-17,67748.42,-0.1,27.891466976709232
2017-02-20,68532.86,1.16,29.37228649036299
2017-02-21,69052.03,0.76,30.352344961251276
2017-02-22,68589.54,-0.67,29.479283647613876
2017-02-23,67461.39,-1.64,27.349628690793114
2017-02-24,66662.1,-1.18,25.840776223978203
2017-03-01,66988.88,0.49,26.457652212800518
2017-03-02,65854.93,-1.69,24.317048358448766
2017-03-03,66785.53,1.41,26.07378008988288
2017-03-06,66341.37,-0.67,25.235321067925256
2017-03-07,65742.32,-0.9,24.104469849662213
2017-03-08,64718.02,-1.56,22.17085679087434
2017-03-09,64585.24,-0.21,21.920202547053357
2017-03-10,64675.46,0.14,22.090514535888506
2017-03-13,65534.3,1.33,23.711781976491196
2017-03-14,64699.46,-1.27,22.135820318775256
2017-03-15,66234.87,2.37,25.03427665636524
2017-03-16,65782.85,-0.68,24.180979990512206
2017-03-17,64209.94,-2.39,21.211733367161646
2017-03-20,64884.27,1.05,22.484693724412843
2017-03-21,62980.37,-2.93,18.89062372282526
2017-03-22,63521.33,0.86,19.911816069092826
2017-03-23,63530.79,0.01,19.929674098514027
2017-03-24,63853.77,0.51,20.539376671712596
2017-03-27,64308.39,0.71,21.397581464045047
2017-03-28,64640.45,0.52,22.02442472510242
2017-03-29,65528.29,1.37,23.70043665335997
2017-03-30,65265.98,-0.4,23.205263323817228
2017-03-31,64984.07,-0.43,22.673090271583618
2017-04-03,65211.48,0.35,23.10238144184522
2017-04-04,65768.91,0.85,24.154664881618814
2017-04-05,64774.76,-1.51,22.27796721258246
2017-04-06,64222.72,-0.85,21.23585869654885
2017-04-07,64593.1,0.58,21.93504019094876
2017-04-10,64649.81,0.09,22.04209398042827
2017-04-11,64359.79,-0.45,21.494611349060854
2017-04-12,63891.68,-0.73,20.610940931264143
2017-04-13,62826.28,-1.67,18.599741719282715
2017-04-17,64334.93,2.4,21.44768210895398
2017-04-18,64158.84,-0.27,21.115269804431904
2017-04-19,63406.97,-1.17,19.695934013637405
2017-04-20,63760.62,0.56,20.363533601883365
2017-04-24,64389.01,0.99,21.549771139725493
2017-04-25,65148.35,1.18,22.983208355443494
2017-04-26,64861.92,-0.44,22.442502714099554
2017-04-27,64676.55,-0.29,22.092572173527934
2017-04-28,65403.25,1.12,23.464393524519966
2017-05-02,66721.75,2.02,25.953379971861334
2017-05-03,66093.78,-0.94,24.76793528521972
2017-05-04,64862.61,-1.86,22.44380525535754
2017-05-05,65709.74,1.31,24.04296724939343
2017-05-08,65526.04,-0.28,23.696189236214348
2017-05-09,66277.67,1.15,25.11507196917997
2017-05-10,67349.73,1.62,27.13884353591247
2017-05-11,67537.61,0.28,27.49351230627766
2017-05-12,68221.94,1.01,28.78535007306502
2017-05-15,68474.19,0.37,29.261532728614405
2017-05-16,68684.5,0.31,29.658543528569158
2017-05-17,67540.25,-1.67,27.498495942395195
2017-05-18,61597.06,-8.8,16.279292784280088
2017-05-19,62639.31,1.69,18.24679079318532
2017-05-22,61673.49,-1.54,16.423572825364886
2017-05-23,62662.48,1.6,18.290529751080587
2017-05-24,63257.36,0.95,19.41350908956707
2017-05-25,63226.79,-0.05,19.355800848615058
2017-05-26,64085.41,1.36,20.976652986207966
2017-05-29,63760.94,-0.51,20.364137678988527
2017-05-30,63962.26,0.32,20.744177687770282
2017-05-31,62711.47,-1.96,18.383010180398184
2017-06-01,62288.52,-0.67,17.584590144066723
2017-06-02,62510.69,0.36,18.00398955173137
2017-06-05,62450.45,-0.1,17.890272036685584
2017-06-06,62954.69,0.81,18.84214653513643
2017-06-07,63170.73,0.34,19.249974090755416
2017-06-08,62755.57,-0.66,18.466259556452602
2017-06-09,62210.56,-0.87,17.43742185932289
2017-06-12,61700.23,-0.82,16.474051018464554
2017-06-13,61828.99,0.21,16.717116543652022
2017-06-14,61922.93,0.15,16.894450928834615
2017-06-16,61626.41,-0.48,16.334697981268697
2017-06-19,62014.03,0.63,17.066424129708935
2017-06-20,60766.16,-2.01,14.710768825921395
2017-06-21,60761.74,-0.01,14.702425010906417
2017-06-22,61272.22,0.84,15.666079012907797
2017-06-23,61087.14,-0.3,15.31669591721274
2017-06-26,62188.09,1.8,17.395004320095154
2017-06-27,61675.46,-0.82,16.42729167504351
2017-06-28,62017.97,0.56,17.073861829066182
2017-06-29,62238.95,0.36,17.49101482499602
2017-06-30,62899.97,1.06,18.738849350154617
2017-07-03,63279.58,0.6,19.455454693556405
2017-07-04,63231.59,-0.08,19.364862005192407
2017-07-05,63154.17,-0.12,19.218713100563534
2017-07-06,62470.33,-1.08,17.927800326843467
2017-07-07,62322.4,-0.24,17.648546807575194
2017-07-10,63025.47,1.13,18.9757608398333
2017-07-11,63832.15,1.28,20.498563712295436
2017-07-12,64835.55,1.57,22.392722985152737
2017-07-13,65178.35,0.53,23.03984058405193
2017-07-14,65436.18,0.4,23.526556834122502
2017-07-17,65212.31,-0.34,23.103948266836703
2017-07-18,65337.67,0.19,23.34059547278189
2017-07-19,65179.92,-0.24,23.04280433734911
2017-07-20,64938.02,-0.37,22.58615980066965
2017-07-21,64684.18,-0.39,22.106975637004012
2017-07-24,65099.55,0.64,22.891086596907083
2017-07-25,65667.62,0.87,23.963455600427142
2017-07-26,65010.57,-1.0,22.72311540685441
2017-07-27,65277.38,0.41,23.226783570688436
2017-07-28,65497.13,0.34,23.641614645245323
2017-07-31,65920.36,0.65,24.4405632490438
2017-08-01,66516.24,0.9,25.565430328483927
2017-08-02,67135.99,0.93,26.735357784486812
2017-08-03,66777.13,-0.53,26.057923065872536
2017-08-04,66897.99,0.18,26.286075437526435
2017-08-07,67939.66,1.56,28.25247855667856
2017-08-08,67898.94,-0.06,28.17560974504736
2017-08-09,67671.07,-0.34,27.74545021394712
2017-08-10,66992.09,-1.0,26.463711861261597
2017-08-11,67358.59,0.55,27.155568920761496
2017-08-14,68284.66,1.37,28.903749185675753
2017-08-15,68355.12,0.1,29.036759413267443
2017-08-16,68594.29,0.35,29.488250417143536
2017-08-17,67976.8,-0.9,28.32258925569584
2017-08-18,68714.66,1.09,29.715477795730205
2017-08-21,68634.65,-0.12,29.564439642031438
2017-08-22,70011.25,2.01,32.16310383877785
2017-08-23,70477.63,0.67,33.04350846472484
2017-08-24,71132.8,0.93,34.28029970530475
2017-08-25,71073.65,-0.08,34.16863982789842
2017-08-28,71016.59,-0.08,34.06092532908516
2017-08-29,71329.85,0.44,34.652279060214596
2017-08-30,70886.26,-0.62,33.81489605060051
2017-08-31,70835.05,-0.07,33.718224836365884
2017-09-01,71923.11,1.54,35.772200258356214
2017-09-04,72128.83,0.29,36.1605463273339
2017-09-05,72150.88,0.03,36.20217101536112
2017-09-06,73412.41,1.75,38.58361286057503
2017-09-08,73078.85,-0.45,37.95393798808722
2017-09-11,74319.22,1.7,40.29543523472265
2017-09-12,74538.55,0.3,40.709473458079025
2017-09-13,74787.57,0.33,41.17955871034824
2017-09-14,74656.68,-0.18,40.932472296929554
2017-09-15,75756.52,1.47,43.00868530735349
2017-09-18,75990.41,0.31,43.4502090389945
2017-09-19,75974.18,-0.02,43.4195710033173
2017-09-20,76004.15,0.04,43.47614659969714
2017-09-21,75604.34,-0.53,42.721408889032354
2017-09-22,75389.75,-0.28,42.316318557796116
2017-09-25,74443.47,-1.26,40.529987048209314
2017-09-26,74318.72,-0.17,40.29449136424583
2017-09-27,73796.71,-0.7,39.30907170904929
2017-09-28,73567.25,-0.31,38.87591066983278
2017-09-29,74293.51,0.99,40.2469014148052
2017-10-02,74359.83,0.09,40.37209639484895
2017-10-03,76762.91,3.23,44.908488925662084
2017-10-04,76591.44,-0.22,44.58479798434571
2017-10-05,76617.53,0.03,44.634049145825514
2017-10-06,76054.72,-0.73,43.57160965972147
2017-10-09,75726.81,-0.43,42.95260052362158
2017-10-10,76897.21,1.55,45.16201253573258
2017-10-11,76659.8,-0.31,44.71384395593483
2017-10-13,76989.79,0.43,45.336779593218225
2017-10-16,76891.84,-0.13,45.151875366811645
2017-10-17,76201.25,-0.9,43.848220341654674
2017-10-18,76591.09,0.51,44.58413727501194
2017-10-19,76283.16,-0.4,44.002845203165286
2017-10-20,76390.51,0.14,44.20549419453583
2017-10-23,75413.13,-1.28,42.360453941291645
2017-10-24,76350.19,1.24,44.1293804792861
2017-10-25,76671.13,0.42,44.7352320609393
2017-10-26,75896.35,-1.01,43.272648124897486
2017-10-27,75975.71,0.1,43.422459246976366
2017-10-30,74800.33,-1.55,41.20364628491635
2017-10-31,74308.49,-0.66,40.27517977429036
2017-11-01,73823.74,-0.65,39.3600973470255
2017-11-03,73915.43,0.12,39.53318431506243
2017-11-06,74310.79,0.53,40.27952157848367
2017-11-07,72414.88,-2.55,36.700534627115466
2017-11-08,74363.13,2.69,40.37832593999588
2017-11-09,72930.69,-1.93,37.67425028839961
2017-11-10,72165.64,-1.05,36.23003407183647
2017-11-13,72475.17,0.43,36.81434652920892
2017-11-14,70826.59,-2.27,33.702254547898306
2017-11-16,72511.79,2.38,36.88347560293028
2017-11-17,73437.28,1.28,38.63056097809143
2017-11-21,74594.61,1.58,40.81530021593869
2017-11-22,74518.79,-0.1,40.67217169683559
2017-11-23,74486.58,-0.04,40.61136756071966
2017-11-24,74157.37,-0.44,39.989904361380056
2017-11-27,74058.92,-0.13,39.80405626449666
2017-11-28,74139.72,0.11,39.95658573354876
2017-11-29,72700.45,-1.94,37.23961681123929
2017-11-30,71970.99,-1.0,35.86258529521531
2017-12-01,72264.45,0.41,36.41656175546315
2017-12-04,73090.17,1.14,37.97530721568214
2017-12-05,72546.17,-0.74,36.94837613691557
2017-12-06,73268.35,1.0,38.31166489879727
2017-12-07,72487.46,-1.07,36.83754686552885
2017-12-08,72731.84,0.34,37.29887299977326
2017-12-11,72800.04,0.09,37.427616932809805
2017-12-12,73813.53,1.39,39.34082351188908
2017-12-13,72914.33,-1.22,37.643366846398486
2017-12-14,72428.93,-0.67,36.72705738751374
2017-12-15,72607.7,0.25,37.0645288377915
2017-12-18,73115.45,0.7,38.02302930698951
2017-12-19,72680.37,-0.6,37.20171097289071
2017-12-20,73367.03,0.94,38.49794717609998
2017-12-21,75133.43,2.41,41.83245279656549
2017-12-22,75186.53,0.07,41.93269184120248
2017-12-26,75707.73,0.69,42.916582426226604
2017-12-27,76072.54,0.48,43.60524920351487
2017-12-28,76402.08,0.43,44.22733535736918
2018-01-02,77891.04,1.95,47.038106127663745
2018-01-03,77995.16,0.13,47.23465771575417
2018-01-04,78647.42,0.84,48.46595563015907
2018-01-05,79071.47,0.54,49.26645218153951
2018-01-08,79378.54,0.39,49.84612079616606
2018-01-09,78863.54,-0.65,48.873934205054326
2018-01-10,78200.57,-0.84,47.62241858503622
2018-01-11,79365.44,1.49,49.82139138967372
2018-01-12,79349.12,-0.02,49.79058345731071
2018-01-15,79752.37,0.51,50.551814996855946
2018-01-16,79831.76,0.1,50.701682751163446
2018-01-17,81189.16,1.7,53.26410232160046
2018-01-18,80962.65,-0.28,52.8365101181971
2018-01-19,81219.5,0.32,53.321376382133124
2018-01-22,81675.42,0.56,54.182035237705286
2018-01-23,80678.35,-1.22,52.299825365084374
2018-01-24,83680.0,3.72,57.96616299850284
2018-01-26,85530.84,2.21,61.46006946509159
2018-01-29,84698.01,-0.97,59.88790216669242
2018-01-30,84482.46,-0.25,59.48099960414073
2018-01-31,84912.7,0.51,60.29318127202403
2018-02-01,85495.24,0.69,61.392865887142925
2018-02-02,84041.34,-1.7,58.648279314682064
2018-02-05,81861.09,-2.59,54.53253210056297
2018-02-06,83894.04,2.48,58.37021507221456
2018-02-07,82766.73,-1.34,56.24214581779485
2018-02-08,81532.53,-1.49,53.912295932843236
2018-02-09,80898.7,-0.78,52.71578908421344
2018-02-14,83542.84,3.27,57.707240449304976
2018-02-15,84290.57,0.9,59.11876099255156
2018-02-16,84524.58,0.28,59.560511253106974
2018-02-19,84792.71,0.32,60.06667123499978
2018-02-20,85803.96,1.19,61.975649274342935
2018-02-21,86051.82,0.29,62.44354474710596
2018-02-22,86686.45,0.74,63.64156178849862
2018-02-23,87293.24,0.7,64.78702412174269
2018-02-26,87652.64,0.41,65.46547822047191
2018-02-27,86935.44,-0.82,64.11159040853921
2018-02-28,85353.6,-1.82,61.1254862584729
2018-03-01,85377.79,0.03,61.17115071214081
2018-03-02,85761.34,0.45,61.89519375489985
2018-03-05,86022.83,0.3,62.388819136860654
2018-03-06,85653.02,-0.43,61.6907136548043
2018-03-07,85483.55,-0.2,61.370798195395146
2018-03-08,84984.61,-0.58,60.428928723998474
2018-03-09,86371.41,1.63,63.046847878471766
2018-03-12,86900.43,0.61,64.04550059775316
2018-03-13,86383.85,-0.59,63.07033137593474
2018-03-14,86050.96,-0.39,62.44192128988584
2018-03-15,84928.2,-1.3,60.32244125680506
2018-03-16,84886.49,-0.05,60.24370358162978
2018-03-19,83913.06,-1.15,58.40611990515232
2018-03-20,84163.8,0.3,58.87945207186176
2018-03-21,84976.59,0.97,60.41378904155048
2018-03-22,84767.88,-0.25,60.019798627121524
2018-03-23,84377.19,-0.46,59.28227711395366
2018-03-26,85087.86,0.84,60.623837977459225
2018-03-27,83808.06,-1.5,58.20790710502275
2018-03-28,83874.14,0.08,58.33264902723765
2018-03-29,85365.56,1.78,61.14806364027812
2018-04-02,84666.44,-0.82,59.828306184786804
2018-04-03,84623.46,-0.05,59.74717107860044
2018-04-04,84359.69,-0.31,59.249241647265414
2018-04-05,85209.66,1.01,60.85376482560954
2018-04-06,84820.42,-0.46,60.11898053682443
2018-04-09,83307.23,-1.78,57.26246980322376
2018-04-10,84510.36,1.44,59.533667576746566
2018-04-11,85245.59,0.87,60.92159135807292
2018-04-12,85443.53,0.23,61.295250802431475
2018-04-13,84334.41,-1.3,59.20151955595803
2018-04-16,82861.58,-1.75,56.421198047245234
2018-04-17,84086.13,1.48,58.73283123199449
2018-04-18,85776.46,2.01,61.92373639811852
2018-04-19,85824.26,0.06,62.013970415701316
2018-04-20,85550.09,-0.32,61.496408478448686
2018-04-23,85602.5,0.06,61.59534498182766
2018-04-24,85469.08,-0.16,61.34348258379634
2018-04-25,85044.39,-0.5,60.54177787820558
2018-04-26,86383.2,1.57,63.06910434431487
2018-04-27,86444.66,0.07,63.185124903324066
2018-04-30,86115.5,-0.38,62.563756091032154
2018-05-02,84547.09,-1.82,59.60300430197285
2018-05-03,83288.14,-1.49,57.22643282841926
2018-05-04,83118.03,-0.2,56.90530921479979
2018-05-07,82714.43,-0.49,56.14341696592078
2018-05-08,82956.05,0.29,56.59953293513325
2018-05-09,84265.49,1.58,59.07141644943488
2018-05-10,85861.2,1.89,62.08370356652784
2018-05-11,85220.24,-0.75,60.87373712489879
2018-05-14,85232.18,0.01,60.89627675188494
2018-05-15,85130.42,-0.12,60.70418023244508
2018-05-16,86536.97,1.65,63.35938227075226
2018-05-17,83621.95,-3.37,57.856579636145476
2018-05-18,83081.88,-0.65,56.83706737932663
2018-05-21,81815.32,-1.52,54.44613019711604
2018-05-22,82738.88,1.13,56.189572232236685
2018-05-23,80867.29,-2.26,52.65649514086037
2018-05-24,80122.31,-0.92,51.25016588523628
2018-05-25,78897.66,-1.53,48.938343926391696
2018-05-28,75355.84,-4.49,42.25230526205901
2018-05-29,76071.97,0.95,43.604173191171334
2018-05-30,76753.61,0.9,44.89093293479345
2018-06-01,77239.75,0.63,45.80863932198385
2018-06-04,78596.06,1.76,48.36900125478141
2018-06-05,76641.72,-2.49,44.679713599493475
2018-06-06,76117.22,-0.68,43.68959346932242
2018-06-07,73851.46,-2.98,39.412425526259696
2018-06-08,72942.07,-1.23,37.69573278045178
2018-06-11,72307.77,-0.87,36.49833869357377
2018-06-12,72754.13,0.62,37.34095074562936
2018-06-13,72122.14,-0.87,36.147917340354205
2018-06-14,71421.19,-0.97,34.82470531891779
2018-06-15,70757.73,-0.93,33.57226470583237
2018-06-18,69814.74,-1.33,31.792143863982993
2018-06-19,71394.34,2.26,34.77401947431322
2018-06-20,72123.41,1.02,36.1503147713653
2018-06-21,70074.9,-2.84,32.283258550475445
2018-06-22,70640.65,0.81,33.351247994983126
2018-06-25,70952.97,0.44,33.94082724961618
2018-06-26,71404.59,0.64,34.79336881908777
2018-06-27,70609.0,-1.11,33.29150099380123
2018-06-28,71766.52,1.64,35.47659890242964
2018-06-29,72762.51,1.39,37.356770014820626
2018-07-02,72839.74,0.11,37.50256024866834
2018-07-03,73667.75,1.14,39.06562863567109
2018-07-04,74743.11,1.46,41.0956297475505
2018-07-05,74553.06,-0.25,40.73686457931598
2018-07-06,75010.39,0.61,41.60018514963273
2018-07-10,74862.38,-0.2,41.32078061108817
2018-07-11,74398.55,-0.62,40.44518972457294
2018-07-12,75856.22,1.96,43.196893080428886
2018-07-13,76594.35,0.97,44.59029131052075
2018-07-16,76652.58,0.08,44.70021446624975
2018-07-17,78130.3,1.93,47.48976702822569
2018-07-18,77362.63,-0.98,46.04060493036406
2018-07-19,77486.84,0.16,46.27508123421258
2018-07-20,78571.29,1.4,48.322241911360344
2018-07-23,77996.12,-0.73,47.23646994706962
2018-07-24,79154.98,1.49,49.4240974285759
2018-07-25,80218.04,1.34,51.43087932672585
2018-07-26,79405.34,-1.01,49.89671225372294
2018-07-27,79866.1,0.58,50.7665077755106
2018-07-30,80275.59,0.51,51.53951881860639
2018-07-31,79220.43,-1.31,49.54765007398998
2018-08-01,79301.65,0.1,49.700972394242605
2018-08-02,79636.69,0.42,50.33344112334177
2018-08-03,81434.98,2.26,53.728146802818074
2018-08-06,81050.76,-0.47,53.00283897362013
2018-08-07,80346.52,-0.87,51.673416284446326
2018-08-08,79151.7,-1.49,49.41790563824804
2018-08-09,78767.99,-0.48,48.69356055693643
2018-08-10,76514.35,-2.86,44.43927203423155
2018-08-13,77496.45,1.28,46.2932224247768
2018-08-14,78602.11,1.43,48.38042208755078
2018-08-15,77077.5,-1.94,45.50235335225983
2018-08-16,76818.72,-0.34,45.01384374828332
2018-08-17,76028.5,-1.03,43.52211309191769
2018-08-20,76327.89,0.39,44.08728385602048
2018-08-21,75180.4,-1.5,41.92111998915679
2018-08-22,76902.3,2.29,45.17162113718647
2018-08-23,75633.77,-1.65,42.77696510529725
2018-08-24,76262.23,0.83,43.96333478500611
2018-08-27,77929.68,2.19,47.111048438111425
2018-08-28,77473.18,-0.59,46.24929469278618
2018-08-29,78388.83,1.18,47.97780469696378
2018-08-30,76404.09,-2.53,44.23112971668595
2018-08-31,76677.53,0.36,44.74731360304243
2018-09-03,76192.73,-0.63,43.83213678872988
2018-09-04,74711.8,-1.94,41.036524578292834
2018-09-05,75092.27,0.51,41.75475337891472
2018-09-06,76416.01,1.76,44.253631588853025
2018-09-10,76436.35,0.03,44.29202823984957
2018-09-11,74656.51,-2.33,40.93215138096744
2018-09-12,75124.81,0.63,41.81618046954534
2018-09-13,74686.67,-0.58,40.989085648128466
2018-09-14,75429.09,0.99,42.390582286911304
2018-09-17,76788.85,1.8,44.95745692599886
2018-09-18,78313.96,1.99,47.83646953176663
2018-09-19,78168.66,-0.19,47.56218077120635
2018-09-20,78116.01,-0.07,47.46279120999852
2018-09-21,79444.29,1.7,49.97023976386623
2018-09-24,77984.18,-1.84,47.21393032008345
2018-09-25,78630.14,0.83,48.43333546648061
2018-09-26,78656.16,0.03,48.48245448609367
2018-09-27,80000.09,1.71,51.01944618588546
2018-09-28,79342.42,-0.82,49.777935592921494
2018-10-01,78623.66,-0.91,48.42110290510118
2018-10-02,81612.28,3.8,54.06284327389403
2018-10-03,83273.4,2.04,57.198607526762956
2018-10-04,82952.81,-0.38,56.59341665444353
2018-10-05,82321.52,-0.76,55.401704667835936
2018-10-08,86083.91,4.57,62.50412235430745
2018-10-09,86087.55,0.0,62.510993731378605
2018-10-10,83679.11,-2.8,57.96448290905411
2018-10-11,82921.08,-0.91,56.533518633985345
2018-10-15,83359.76,0.53,57.36163283551714
2018-10-16,85717.56,2.83,61.81254845595059
2018-10-17,85763.95,0.05,61.90012075878879
2018-10-18,83847.12,-2.24,58.281642266670964
2018-10-19,84219.74,0.44,58.985052300807
2018-10-22,85596.69,1.63,61.58437720688716
2018-10-23,85300.03,-0.35,61.02435997558773
2018-10-24,83063.56,-2.62,56.80248396505638
2018-10-25,84083.51,1.23,58.727885350696
2018-10-26,85719.87,1.95,61.816909137553445
2018-10-29,83796.71,-2.24,58.18648124519925
2018-10-30,86885.71,3.69,64.01771305091597
2018-10-31,87423.55,0.62,65.03301564540824
2018-11-01,88419.05,1.14,66.91226176473197
2018-11-05,89598.16,1.33,69.13811600054896
2018-11-06,88668.92,-1.04,67.38395159681174
2018-11-07,87714.35,-1.08,65.58197071471949
2018-11-08,85620.13,-2.39,61.6286258548399
2018-11-09,85641.21,0.02,61.668419434142095
2018-11-12,85524.7,-0.14,61.44847873563639
2018-11-13,84914.11,-0.71,60.29584298676862
2018-11-14,85973.06,1.25,62.29486626959921
2018-11-16,88515.27,2.96,67.0939001992888
2018-11-19,87900.83,-0.69,65.93399664774961
2018-11-21,87268.8,-0.72,64.74088773283633
2018-11-22,87477.44,0.24,65.13474600539854
2018-11-23,86230.22,-1.43,62.78031773323085
2018-11-26,85546.51,-0.79,61.489650365834734
2018-11-27,87891.18,2.74,65.91577994754721
2018-11-28,89250.82,1.55,68.48242805772034
2018-11-29,89709.56,0.51,69.34841034278165
2018-11-30,89504.03,-0.23,68.96042294458518
2018-12-03,89820.09,0.35,69.55706235038473
2018-12-04,88624.45,-1.33,67.30000375660448
2018-12-05,89039.79,0.47,68.08405808427894
2018-12-06,88846.48,-0.22,67.71913888053562
2018-12-07,88115.07,-0.82,66.33842626965209
2018-12-10,85914.71,-2.5,62.184716584955815
2018-12-11,86419.57,0.59,63.13776148279786
2018-12-12,86977.46,0.65,64.19091328341014
2018-12-13,87837.59,0.99,65.81461590984298
2018-12-14,87449.5,-0.44,65.08200252315454
2018-12-17,86399.68,-1.2,63.10021431523045
2018-12-18,86610.49,0.24,63.49816898566205
2018-12-19,85673.52,-1.08,61.729412344353406
2018-12-20,85269.29,-0.47,60.9663308186736
2018-12-21,85697.15,0.5,61.77401966308731
2018-12-26,85136.1,-0.65,60.714902601061624
2018-12-27,85460.2,0.38,61.326719444128244
2018-12-28,87887.26,2.84,65.90838000300904
2019-01-02,91012.31,3.56,71.8076648701036
2019-01-03,91564.25,0.61,72.84958461204185
2019-01-04,91840.79,0.3,73.37162049535453
2019-01-07,91699.05,-0.15,73.10405209258917
2019-01-08,92031.86,0.36,73.73231115936176
2019-01-09,93613.04,1.72,76.7171694003987
2019-01-10,93805.93,0.21,77.08129575294149
2019-01-11,93658.31,-0.16,76.80262743336887
2019-01-14,94474.13,0.87,78.34268425814706
2019-01-15,94055.72,-0.44,77.552834565745
2019-01-16,94393.07,0.36,78.18966397644704
2019-01-17,95351.09,1.01,79.99815756482927
2019-01-18,96096.75,0.78,81.40577048430183
2019-01-21,96009.77,-0.09,81.24157477615638
2019-01-22,95103.38,-0.94,79.53054525320931
2019-01-23,96558.42,1.53,82.27728385035724
2019-01-24,97677.19,1.16,84.3892317970331
2019-01-28,95443.88,-2.29,80.17332104791521
2019-01-29,95639.33,0.2,80.54228001729926
2019-01-30,96996.21,1.42,83.10371796244038
2019-01-31,97393.74,0.41,83.85415162373093
2019-02-01,97861.27,0.48,84.73672715177456
2019-02-04,98588.63,0.74,86.10979441179596
2019-02-05,98311.2,-0.28,85.58607843903454
2019-02-06,94635.57,-3.74,78.64744115769868
2019-02-07,94405.59,-0.24,78.21329849318627
2019-02-08,95343.1,0.99,79.98307451460988
2019-02-11,94412.91,-0.98,78.22711675696677
2019-02-12,96168.4,1.86,81.54102712362831
2019-02-13,95842.4,-0.34,80.92562357274984
2019-02-14,98015.09,2.27,85.02709946525961
2019-02-15,97525.91,-0.5,84.10365434557023
2019-02-18,96509.89,-1.04,82.18567178187833
2019-02-19,97659.15,1.19,84.35517695022988
2019-02-20,96544.81,-1.14,82.25159169597856
2019-02-21,96932.27,0.4,82.98301580586622
2019-02-22,97885.6,0.98,84.78265588917601
2019-02-25,97239.9,-0.66,83.56374155542679
2019-02-26,97602.5,0.37,84.24823642520761
2019-02-27,97307.31,-0.3,83.69099417310998
2019-02-28,95584.35,-1.77,80.43849201966951
2019-03-01,94603.75,-1.03,78.58737324055463
2019-03-06,94216.87,-0.41,77.85704402042006
2019-03-07,94340.17,0.13,78.0898024800008
2019-03-08,95364.85,1.09,80.02413288035102
2019-03-11,98026.62,2.79,85.04886511845477
2019-03-12,97828.03,-0.2,84.67397864247638
2019-03-13,98903.88,1.1,86.7049047474231
2019-03-14,98604.67,-0.3,86.14007377669193
2019-03-15,99136.74,0.54,87.14448410588187
2019-03-18,99993.92,0.86,88.76261789650157
2019-03-19,99588.37,-0.41,87.997044552763
2019-03-20,98041.37,-1.55,85.07670929752061
2019-03-21,96729.08,-1.34,82.5994457215012
2019-03-22,93735.15,-3.1,76.94768144824464
2019-03-25,93662.01,-0.08,76.80961207489723
2019-03-26,95306.82,1.76,79.91458727281272
2019-03-27,91903.4,-3.57,73.48981195646036
2019-03-28,94388.94,2.7,78.18186760630861
2019-03-29,95414.55,1.09,80.11795360574567
2019-04-01,96054.45,0.67,81.32591904196389
2019-04-02,95386.76,-0.7,80.0654932846447
2019-04-03,94491.48,-0.94,78.37543656369226
2019-04-04,96313.06,1.93,81.81410772997828
2019-04-05,97108.17,0.83,83.31506943960709
2019-04-08,97369.29,0.27,83.80799635741502
2019-04-09,96291.79,-1.11,81.77395547989488
2019-04-10,95953.45,-0.35,81.13525720564878
2019-04-11,94754.7,-1.25,78.87232773750281
2019-04-12,92875.0,-1.98,75.32394106699272
2019-04-15,93082.97,0.22,75.71653455311602
2019-04-16,94333.31,1.34,78.07685257705899
2019-04-17,93284.75,-1.11,76.09744292273646
2019-04-18,94578.26,1.39,78.53925472364698
2019-04-22,94588.06,0.01,78.55775458499241
2019-04-23,95923.24,1.41,81.07822855144009
2019-04-24,95045.43,-0.92,79.42115066494728
2019-04-25,96552.03,1.59,82.26522118566366
2019-04-26,96236.04,-0.33,81.66871392173086
2019-04-29,96187.75,-0.05,81.57755491108078
2019-04-30,96353.33,0.17,81.89012705818035
2019-05-02,95527.62,-0.86,80.33140047537091
2019-05-03,96007.89,0.5,81.2380258231636
2019-05-06,95008.66,-1.04,79.35173843008289
2019-05-07,94388.73,-0.65,78.18147118070833
2019-05-08,95596.61,1.28,80.46163572376082
2019-05-09,94807.85,-0.83,78.97266116918746
2019-05-10,94257.56,-0.58,77.93385619982264
2019-05-13,91726.54,-2.69,73.15594609140402
2019-05-14,92092.44,0.4,73.84667050633176
2019-05-15,91623.44,-0.51,72.96131999908633
2019-05-16,90024.47,-1.75,69.94287884648456
2019-05-17,89992.73,-0.04,69.88296194861681
2019-05-20,91946.19,2.17,73.57058839186557
2019-05-21,94484.63,2.76,78.36250553816002
2019-05-22,94360.66,-0.13,78.12848229214038
2019-05-23,93910.03,-0.48,77.27780958621284
2019-05-24,93627.8,-0.3,76.74503245687407
2019-05-27,94864.25,1.32,79.07912975897133
2019-05-28,96392.76,1.61,81.96456068398139
2019-05-29,96566.55,0.18,82.29263118431017
2019-05-30,97457.36,0.92,83.97424970319992
2019-05-31,97030.32,-0.44,83.16810880636818
2019-06-03,97020.48,-0.01,83.14953343538458
2019-06-04,97380.28,0.37,83.82874263049527
2019-06-05,95998.75,-1.42,81.22077187084756
2019-06-06,97204.85,1.26,83.4975762350026
2019-06-07,97821.26,0.63,84.66119863622042
2019-06-10,97466.69,-0.36,83.99186232629717
2019-06-11,98960.0,1.53,86.81084476973994
2019-06-12,98320.88,-0.65,85.60435177146555
2019-06-13,98773.7,0.46,86.45915863008146
2019-06-14,98040.06,-0.74,85.07423635687137
2019-06-17,97623.25,-0.43,84.28740704999511
2019-06-18,99404.39,1.82,87.64973797211692
2019-06-19,100303.41,0.9,89.34685484423588
2019-06-21,102012.64,1.7,92.57343831438322
2019-06-24,102062.33,0.05,92.66724016236836
2019-06-25,100092.95,-1.93,88.94956088313806
2019-06-26,100688.63,0.6,90.07405041438746
2019-06-27,100723.97,0.04,90.1407631796882
2019-06-28,100967.2,0.24,90.59991841183597
2019-07-01,101339.68,0.37,91.30306416223848
2019-07-02,100605.17,-0.72,89.91649955439873
2019-07-03,102043.11,1.43,92.63095778123989
2019-07-04,103636.17,1.56,95.63824238480578
2019-07-05,104089.47,0.44,96.49395535907948
2019-07-08,104530.22,0.42,97.32597718438527
2019-07-10,105817.06,1.23,99.75519775313519
2019-07-11,105146.44,-0.63,98.48924091482192
2019-07-12,103905.99,-1.18,96.14759264891019
2019-07-15,103802.69,-0.1,95.95258900840176
2019-07-16,103775.41,-0.03,95.90109143518714
2019-07-17,103855.53,0.08,96.05233724039077
2019-07-18,104716.59,0.83,97.67779546591049
2019-07-19,103451.93,-1.21,95.29044499151176
2019-07-22,103949.46,0.48,96.22965274816384
2019-07-23,103704.28,-0.24,95.76681642115649
2019-07-24,104119.54,0.4,96.55071972955467
2019-07-25,102654.58,-1.41,93.78525474214685
2019-07-26,102818.93,0.16,94.09550496787347
2019-07-29,103482.63,0.65,95.34839863878774
2019-07-30,102932.76,-0.53,94.31038652062344
2019-07-31,101812.13,-1.09,92.1949273757739
2019-08-01,102125.94,0.31,92.78731936442782
2019-08-02,102673.68,0.54,93.82131059436088
2019-08-05,100097.75,-2.51,88.95862203971541
2019-08-06,102163.69,2.06,92.85858158542679
2019-08-07,102782.37,0.61,94.0264891586093
2019-08-08,104115.23,1.3,96.5425835660446
2019-08-09,103996.16,-0.11,96.31781025069766
2019-08-12,101915.22,-2.0,92.38953459068206
2019-08-13,103299.47,1.36,95.00264000572362
2019-08-14,100258.01,-2.94,89.26115140494176
2019-08-15,99056.91,-1.2,86.99378574555479
2019-08-16,99805.78,0.76,88.40745831348843
2019-08-19,99468.67,-0.34,87.77108196061529
2019-08-20,99222.25,-0.25,87.3059048348255
2019-08-21,101201.9,2.0,91.0429712136494
2019-08-22,100011.28,-1.18,88.79538907945633
2019-08-23,97667.49,-2.34,84.37092070978305
2019-08-26,96429.6,-1.27,82.03410506071258
2019-08-27,97276.19,0.88,83.63224767463349
2019-08-28,98193.53,0.94,85.36394796102267
2019-08-29,100524.43,2.37,89.76408334980385
2019-08-30,101134.61,0.61,90.91594512488066
2019-09-02,100625.74,-0.5,89.9553303858146
2019-09-03,99680.83,-0.94,88.17158508133424
2019-09-04,101200.89,1.52,91.04106459528627
2019-09-05,102243.0,1.03,93.00829832045798
2019-09-06,102935.43,0.68,94.3154267889696
2019-09-09,103180.59,0.24,94.77822536115785
2019-09-10,103031.5,-0.14,94.49678206238342
2019-09-11,103445.6,0.4,95.27849559127539
2019-09-12,104370.91,0.89,97.02524117306488
2019-09-13,103501.18,-0.83,95.38341623347728
2019-09-16,103680.41,0.17,95.72175604459372
2019-09-17,104616.86,0.9,97.48953106060647
2019-09-18,104531.93,-0.08,97.32920522141595
2019-09-19,104339.16,-0.18,96.9653053977876
2019-09-20,104817.4,0.46,97.86809863144441
2019-09-23,104637.82,-0.17,97.52909811099425
2019-09-24,103875.66,-0.73,96.09033746578706
2019-09-25,104480.98,0.58,97.23302481982927
2019-09-26,105319.4,0.8,98.81574459015914
2019-09-27,105077.63,-0.23,98.35934545980368
2019-09-30,104745.32,-0.32,97.73203026350788
2019-10-01,104053.4,-0.66,96.42586454288255
2019-10-02,101031.44,-2.9,90.72118689069622
2019-10-03,101516.04,0.48,91.63598615681803
2019-10-04,102551.32,1.02,93.59032661127658
2019-10-07,100572.77,-1.93,89.85533674750161
2019-10-08,99981.4,-0.59,88.73898337976229
2019-10-09,101248.78,1.27,91.13146850955489
2019-10-10,101817.13,0.56,92.20436608054197
2019-10-11,103831.92,1.98,96.00776767647592
2019-10-14,104301.58,0.45,96.89436409275073
2019-10-15,104489.56,0.18,97.24922163721128
2019-10-16,105422.8,0.89,99.01093700476295
2019-10-17,105015.77,-0.39,98.24256980441304
2019-10-18,104728.89,-0.27,97.70101467963997
2019-10-21,106022.28,1.23,100.14259995163606
2019-10-22,107381.11,1.28,102.70771899163674
2019-10-23,107543.59,0.15,103.01443914178007
2019-10-24,106986.15,-0.52,101.96213682459697
2019-10-25,107363.77,0.35,102.67498556350105
2019-10-28,108187.06,0.77,104.22914381320271
2019-10-29,107556.26,-0.58,103.0383568196624
2019-10-30,108407.54,0.79,104.64535293865578
2019-10-31,107219.83,-1.1,102.4032641306377
2019-11-01,108195.63,0.91,104.24532175317522
2019-11-04,108779.33,0.54,105.3471961478003
2019-11-05,108719.02,-0.06,105.23334649088775
2019-11-06,108360.22,-0.33,104.55602503673069
2019-11-07,109580.57,1.13,106.85972970947479
2019-11-08,107628.98,-1.78,103.17563334180929
2019-11-11,108367.44,0.69,104.56965452641582
2019-11-12,106751.11,-1.49,101.5184421908593
2019-11-13,106059.95,-0.65,100.21371115335876
2019-11-14,106556.88,0.47,101.15178626543866
2019-11-18,106269.25,-0.27,100.60881533495034
2019-11-19,105864.18,-0.38,99.84414810686953
2019-11-21,107496.73,1.54,102.9259796006937
2019-11-22,108692.28,1.11,105.18286829778809
2019-11-25,108423.93,-0.25,104.67629301288551
2019-11-26,107059.4,-1.26,102.10041384944924
2019-11-27,107707.75,0.61,103.32433069672553
2019-11-28,108290.09,0.54,104.42363776365369
2019-11-29,108233.28,-0.05,104.31639520007883
2019-12-02,108927.83,0.64,105.62752567941214
2019-12-03,108956.02,0.03,105.68074109689451
2019-12-04,110300.93,1.23,108.21958278282086
2019-12-05,110622.27,0.29,108.82618946085555
2019-12-06,111125.75,0.46,109.77662927618157
2019-12-09,110977.23,-0.13,109.49626198975069
2019-12-10,110672.01,-0.28,108.92008569588829
2019-12-11,110963.87,0.26,109.4710417706104
2019-12-12,112199.74,1.11,111.80404418295456
2019-12-13,112564.86,0.33,112.49329615993848
2019-12-16,111896.04,-0.59,111.23073725534165
2019-12-17,112615.66,0.64,112.58919340038211
2019-12-18,114314.65,1.51,115.79644640316444
2019-12-19,115131.25,0.71,117.33797566588646
2019-12-20,115121.08,-0.01,117.31877734038818
2019-12-23,115863.29,0.64,118.71987755357077
2019-12-26,117203.2,1.16,121.24928053472902
2019-12-27,116533.98,-0.57,119.98596653375083
2019-12-30,115645.34,-0.76,118.30844441273038
2020-01-02,118573.1,2.53,123.83529686708626
2020-01-03,117706.66,-0.73,122.19968259523606
2020-01-06,116877.92,-0.7,120.63523615733716
2020-01-07,116661.94,-0.18,120.22752186617538
2020-01-08,116247.03,-0.36,119.44427926711101
2020-01-09,115947.11,-0.26,118.87810800030279
2020-01-10,115503.42,-0.38,118.04053621659337
2020-01-13,117325.28,1.58,121.47973595034638
2020-01-14,117632.4,0.26,122.05949895202059
2020-01-15,116414.35,-1.04,119.76013608346987
2020-01-16,116704.21,0.25,120.3073166762847
2020-01-17,118478.3,1.52,123.65633902468352
2020-01-20,118861.63,0.32,124.37996676443275
2020-01-21,117026.04,-1.54,120.91484834738662
2020-01-22,118391.36,1.17,123.49221882617623
2020-01-23,119527.63,0.96,125.63720223954036
2020-01-24,118376.36,-0.96,123.46390271187202
2020-01-27,114481.84,-3.29,116.11205781319933
2020-01-28,116478.98,1.74,119.882140781302
2020-01-29,115384.84,-0.94,117.81668789431366
2020-01-30,115528.04,0.12,118.08701239887131
2020-01-31,113760.57,-1.53,114.75048689558545
2020-02-03,114629.21,0.76,116.3902541975336
2020-02-04,115556.71,0.81,118.14113393201148
2020-02-05,116028.27,0.41,119.0313170560982
2020-02-06,115189.97,-0.72,117.44882381468274
2020-02-07,113770.29,-1.23,114.76883573765457
2020-02-10,112570.3,-1.05,112.50356547072613
2020-02-11,115370.61,2.49,117.78982534054374
2020-02-12,116674.13,1.13,120.25053342839995
2020-02-13,115662.4,-0.87,118.34064927339907
2020-02-14,114380.71,-1.11,115.92115057056027
2020-02-17,115309.08,0.81,117.67367263966779
2020-02-18,114977.29,-0.29,117.0473390686679
2020-02-19,116517.59,1.34,119.95502645952105
2020-02-20,114586.24,-1.66,116.30913796875677
2020-02-21,113681.42,-0.79,114.60107219910682
2020-02-26,105718.29,-7.0,99.56874557914664
2020-02-27,102983.54,-2.59,94.40624600624803
2020-02-28,104171.57,1.15,96.64893889137127
2020-03-02,106625.41,2.36,101.28115315298989
2020-03-03,105537.14,-1.02,99.22678130539929
2020-03-04,107224.22,1.6,102.4115513134241
2020-03-05,102233.24,-4.65,92.98987396875071
2020-03-06,97996.77,-4.14,84.99251605098938
2020-03-09,86067.2,-12.17,62.47257820297254
2020-03-10,92214.47,7.14,74.0770315349014
2020-03-11,85171.13,-7.64,60.78103016666676
2020-03-12,72582.53,-14.78,37.017014397989016
2020-03-13,82677.91,13.91,56.07447666629477
2020-03-16,71168.05,-13.92,34.34684257391969
2020-03-17,74617.24,4.85,40.858019793718995
2020-03-18,66894.95,-10.35,26.28033670502743
2020-03-19,68331.8,2.15,28.992737294229155
2020-03-20,67069.36,-1.85,26.609577604747447
2020-03-23,63569.62,-5.22,20.00297507974289
2020-03-24,69729.3,9.69,31.63085527690612
2020-03-25,74955.57,7.5,41.49669919055556
2020-03-26,77709.66,3.67,46.69570767349709
2020-03-27,73428.78,-5.51,38.61451517998571
2020-03-30,74639.48,1.65,40.900003152527376
2020-03-31,73019.76,-2.17,37.84239137513809
2020-04-01,70966.7,-2.81,33.96674593290929
2020-04-02,72253.46,1.81,36.39581548238296
2020-04-03,69537.56,-3.76,31.268899826459972
2020-04-06,74072.98,6.52,39.830597902304476
2020-04-07,76358.09,3.08,44.14429363281964
2020-04-08,78624.62,2.97,48.422915136416634
2020-04-09,77681.94,-1.2,46.643379494262874
2020-04-13,78835.82,1.49,48.82160602582015
2020-04-14,79918.36,1.37,50.8651611177465
2020-04-15,78831.46,-1.36,48.81337547526239
2020-04-16,77811.85,-1.29,46.88861592154701
2020-04-17,78990.29,1.51,49.11320537092503
2020-04-20,78972.76,-0.02,49.08011327200816
2020-04-22,80687.15,2.17,52.316437485476165
2020-04-23,79673.3,-1.26,50.40255131965363
2020-04-24,75330.61,-5.45,42.20467755779931
2020-04-27,78238.6,3.86,47.6942093735022
2020-04-28,81312.23,3.93,53.496426600761836
2020-04-29,83170.8,2.29,57.00492530492207
2020-04-30,80505.89,-3.2,51.974265560223934
2020-05-04,78876.22,-2.02,48.89787076034617
2020-05-05,79470.78,0.75,50.02024602172752
2020-05-06,79063.68,-0.51,49.251746679510845
2020-05-07,78118.57,-1.2,47.4676238268398
2020-05-08,80263.35,2.75,51.516412869334175
2020-05-11,79064.6,-1.49,49.25348340118818
2020-05-12,77871.95,-1.51,47.00206915285925
2020-05-13,77772.2,-0.13,46.81376699273614
2020-05-14,79010.81,1.59,49.15194181529321
2020-05-15,77556.62,-1.84,46.40680779795583
2020-05-18,81194.29,4.69,53.273786432692475
2020-05-19,80742.35,-0.56,52.42064078611575
2020-05-20,81319.45,0.71,53.510056090446945
2020-05-21,83027.09,2.1,56.73363805247804
2020-05-22,82173.21,-1.03,55.12173380700529
2020-05-25,85663.48,4.25,61.710459425179096
2020-05-26,85468.91,-0.23,61.343161667834224
2020-05-27,87946.25,2.9,66.01973784186279
2020-05-28,86949.09,-1.13,64.13735807255607
2020-05-29,87402.59,0.52,64.99344859502048
2020-06-01,88620.1,1.39,67.29179208345629
2020-06-02,91046.38,2.74,71.87198020439327
2020-06-03,93002.14,2.15,75.56394845183532
2020-06-04,93828.61,0.89,77.1241097177695
2020-06-05,94637.06,0.86,78.65025389171953
2020-06-08,97644.67,3.18,84.32784246122154
2020-06-09,96746.55,-0.92,82.63242455596085
2020-06-10,94685.98,-2.13,78.74260217917039
2020-06-12,92795.27,-2.0,75.17343148076098
2020-06-15,92375.52,-0.45,74.3810522154811
2020-06-16,93531.17,1.25,76.56262004852626
2020-06-17,95547.29,2.16,80.3685323399285
2020-06-18,96125.24,0.6,81.45955222407034
2020-06-19,96572.1,0.46,82.30310814660271
2020-06-22,95335.96,-1.28,79.96959604420108
2020-06-23,95975.16,0.67,81.17624006175177
2020-06-24,94377.36,-1.66,78.16000756606573
2020-06-25,95983.09,1.7,81.19120984751393
2020-06-26,93834.49,-2.24,77.13520963457677
2020-06-29,95735.35,2.03,80.72354090366538
2020-06-30,95055.82,-0.71,79.44076429345537
2020-07-01,96203.2,1.21,81.60672050881412
2020-07-02,96234.96,0.03,81.66667516150096
2020-07-03,96764.85,0.55,82.66697021541201
2020-07-06,98937.16,2.24,86.76772876635938
2020-07-07,97761.04,-1.19,84.5475188759937
2020-07-08,99769.88,2.05,88.33968841325368
2020-07-09,99160.33,-0.61,87.18901591497766
2020-07-10,100031.83,0.88,88.83418215605312
2020-07-13,98697.06,-1.33,86.31448216339643
2020-07-14,100440.23,1.77,89.60513556150946
2020-07-15,101790.54,1.34,92.15417104858534
2020-07-16,100553.27,-1.22,89.81852579890612
2020-07-17,102888.25,2.32,94.22636317077806
2020-07-20,104426.37,1.49,97.12993528635235
2020-07-21,104309.74,-0.11,96.90976805893226
2020-07-22,104289.57,-0.02,96.87169232389785
2020-07-23,102293.31,-1.91,93.10327056783436
2020-07-24,102381.58,0.09,93.26990146180995
2020-07-27,104477.08,2.05,97.2256626301102
2020-07-28,104109.07,-0.35,96.53095508177034
2020-07-29,105605.17,1.44,99.35520432247371
2020-07-30,105008.7,-0.56,98.22922347587098
2020-07-31,102912.24,-2.0,94.27165007625528
2020-08-03,102829.96,-0.08,94.11632675059185
2020-08-04,101215.87,-1.57,91.0693429547714
2020-08-05,102801.76,1.57,94.06309245569989
2020-08-06,104125.64,1.29,96.56223494937173
2020-08-07,102775.55,-1.3,94.01361476530565
2020-08-10,103444.48,0.65,95.27638132140733
2020-08-11,102174.4,-1.23,92.87879929104
2020-08-12,102117.79,-0.06,92.77193427565584
2020-08-13,100460.6,-1.62,89.64358884473462
2020-08-14,101353.45,0.89,91.32905835516976
2020-08-17,99595.41,-1.73,88.01033424907646
2020-08-18,102065.35,2.48,92.6729411400483
2020-08-19,100853.72,-1.19,90.38569756841974
2020-08-20,101467.87,0.61,91.54505367508239
2020-08-21,101521.29,0.05,91.64589679682449
2020-08-24,102297.95,0.77,93.11202968585913
2020-08-25,102117.64,-0.18,92.77165111451279
2020-08-26,100627.33,-1.46,89.95833189393085
2020-08-27,100623.64,-0.0,89.951366129812
2020-08-28,102142.93,1.51,92.81939208322972
2020-08-31,99369.15,-2.72,87.58321398091151
2020-09-01,102167.65,2.82,92.86605703960309
2020-09-02,101911.13,-0.25,92.38181373018179
2020-09-03,100721.36,-1.17,90.13583617579926
2020-09-04,101241.73,0.52,91.1181599358319
2020-09-08,100050.43,-1.18,88.86929413779035
2020-09-09,101292.05,1.24,91.2131510606178
2020-09-10,98834.59,-2.43,86.5741031767471
2020-09-11,98363.22,-0.48,85.6842787234416
2020-09-14,100274.52,1.94,89.29231800808594
2020-09-15,100297.91,0.02,89.336472268991
2020-09-16,99675.68,-0.62,88.16186321542312
2020-09-17,100097.83,0.42,88.95877305899171
2020-09-18,98289.71,-1.81,85.54551088594138
2020-09-21,96990.72,-1.32,83.09335426460503
2020-09-22,97293.54,0.31,83.66499998017869
2020-09-23,95734.82,-1.6,80.72254040095996
2020-09-24,97012.07,1.33,83.13365753396471
2020-09-25,96999.38,-0.01,83.10970210126334
2020-09-28,94666.37,-2.41,78.70558357907001
2020-09-29,93580.35,-1.15,76.65545914862506
2020-09-30,94603.38,1.09,78.5866747764018
2020-10-01,95478.52,0.93,80.23871239454843
2020-10-02,94015.68,-1.53,77.47724941796226
2020-10-05,96089.19,2.21,81.3914991626925
2020-10-06,95615.03,-0.49,80.4964079121264
2020-10-07,95526.26,-0.09,80.32883314767399
2020-10-08,97919.73,2.51,84.84708448792288
2020-10-09,97483.31,-0.45,84.02323658094622
2020-10-13,98502.82,1.05,85.94780736056626
2020-10-14,99334.43,0.84,87.51767161500202
2020-10-15,99054.06,-0.28,86.98840568383699
2020-10-16,98309.12,-0.75,85.58215193785101
2020-10-19,98657.65,0.35,86.24008629241445
2020-10-20,100539.83,1.91,89.79315456048953
2020-10-21,100552.44,0.01,89.81695897391462
2020-10-22,101917.73,1.36,92.39427282047563
2020-10-23,101259.75,-0.65,91.15217702781604
2020-10-26,101016.96,-0.24,90.69385240168788
2020-10-27,99605.54,-1.4,88.02945706493657
2020-10-28,95368.76,-4.25,80.03151394747962
2020-10-29,96582.16,1.27,82.3220988205961
2020-10-30,93952.4,-2.72,77.3577931704175
2020-11-03,95979.71,2.16,81.18482928309075
2020-11-04,97866.81,1.97,84.74718523665759
2020-11-05,100751.4,2.95,90.19254391404586
2020-11-06,100925.11,0.17,90.52046339509832
2020-11-09,103515.16,2.57,95.40980685200884
2020-11-10,105066.96,1.5,98.33920326382861
2020-11-11,104808.83,-0.25,97.85192069147195
2020-11-12,102507.01,-2.2,93.50668080962188
2020-11-13,104723.0,2.16,97.68989588542318
2020-11-16,106429.92,1.63,100.9121186739677
2020-11-17,107248.63,0.77,102.45763107010184
2020-11-18,106119.09,-1.05,100.32535215335554
2020-11-19,106669.9,0.52,101.36513874801621
2020-11-20,106042.48,-0.59,100.1807323188991
2020-11-23,107378.92,1.26,102.70358483894833
2020-11-24,109786.3,2.24,107.248094655862
2020-11-25,110132.53,0.32,107.90168720623213
2020-11-26,110227.09,0.09,108.08019199080591
2020-11-27,110575.47,0.32,108.73784318422635
2020-11-30,108893.32,-1.52,105.5623797391029
2020-12-01,111399.91,2.3,110.29417233602467
2020-12-02,111878.53,0.43,111.1976829112439
2020-12-03,112291.59,0.37,111.9774331895441
2020-12-04,113750.22,1.3,114.73094877671555
2020-12-07,113589.77,-0.14,114.42806074070803
2020-12-08,113793.06,0.18,114.8118195991684
2020-12-09,113001.16,-0.7,113.31691753800071
2020-12-10,115128.63,1.88,117.33302978458799
2020-12-11,115128.0,-0.0,117.33184050778722
2020-12-14,114611.12,-0.45,116.35610496368267
2020-12-15,116148.63,1.34,119.25852555727529
2020-12-16,117857.35,1.47,122.4841462795363
2020-12-17,118400.57,0.46,123.50960492035905
2020-12-18,118023.67,-0.32,122.79811535494152
2020-12-21,115822.57,-1.86,118.64300874193958
2020-12-22,116636.18,0.7,120.17889365921026
2020-12-23,117806.85,1.0,122.38881536137876
2020-12-28,119123.7,1.12,124.87468703614661
2020-12-29,119409.15,0.24,125.41354269135603
2020-12-30,119017.24,-0.33,124.67371813422479
2021-01-04,118854.71,-0.14,124.36690359703375
2021-01-05,119376.21,0.44,125.35136050434397
2021-01-06,119100.08,-0.23,124.83009859482226
2021-01-07,122385.92,2.76,131.03291332984855
2021-01-08,125076.63,2.2,136.11227679114995
2021-01-11,123255.13,-1.46,132.67375664414027
2021-01-12,123998.0,0.6,134.07610276635222
2021-01-13,121933.08,-1.67,130.17806871641352
2021-01-14,123480.52,1.27,133.09923457767553
2021-01-15,120348.8,-2.54,127.18735847842039
2021-01-18,121241.63,0.74,128.87279023403644
2021-01-19,120636.39,-0.5,127.73025389927054
2021-01-20,119646.4,-0.82,125.86140923260119
2021-01-21,118328.99,-1.1,123.3744804228993
2021-01-22,117380.49,-0.8,121.58395812839547
2021-01-26,116464.06,-0.78,119.85397568627407
2021-01-27,115882.3,-0.5,118.755763509099
2021-01-28,118883.25,2.59,124.4207797238499
2021-01-29,115067.55,-3.21,117.2177265671412
2021-02-01,117517.57,2.13,121.84272965831701
2021-02-02,118233.81,0.61,123.19480523893418
2021-02-03,119724.72,1.26,126.00925710408832
2021-02-04,119260.82,-0.39,125.13353407570635
2021-02-05,120240.26,0.82,126.982463075315
2021-02-08,119696.36,-0.45,125.95572077064378
2021-02-09,119471.62,-0.19,125.53146986872834
2021-02-10,118435.33,-0.87,123.5752227959067
2021-02-11,119299.83,0.73,125.20717485030684
2021-02-12,119428.72,0.11,125.4504857818183
2021-02-17,120355.79,0.78,127.20055378768613
2021-02-18,119198.97,-0.96,125.01677729772523
2021-02-19,118430.53,-0.64,123.56616163932932
2021-02-22,112667.7,-4.87,112.68743143960825
2021-02-23,115227.46,2.27,117.51959522303378
2021-02-24,115667.78,0.38,118.35080531972952
2021-02-25,112256.36,-2.95,111.91092807574825
2021-02-26,110035.17,-1.98,107.71789674698815
2021-03-01,110334.83,0.27,108.28357720114843
2021-03-02,111539.8,1.09,110.55824841802587
2021-03-03,111183.95,-0.32,109.886495799682
2021-03-04,112690.17,1.35,112.72984897883597
2021-03-05,115202.23,2.23,117.47196751877405
2021-03-08,110611.58,-3.98,108.80600951006136
2021-03-09,111330.62,0.65,110.1633707653487
2021-03-10,112776.49,1.3,112.892798777952
2021-03-11,114983.76,1.96,117.05955275263777
2021-03-12,114160.4,-0.72,115.50526236106933
2021-03-15,114850.74,0.6,116.80844545098795
2021-03-16,114018.78,-0.72,115.23792048721839
2021-03-17,116549.44,2.22,120.01515100889372
2021-03-18,114835.43,-1.47,116.77954413698805
2021-03-19,116221.58,1.21,119.39623625984149
2021-03-22,114978.86,-1.07,117.05030282196506
2021-03-23,113261.8,-1.49,113.80893834015092
2021-03-24,112064.19,-1.06,111.54816089669204
2021-03-25,113749.9,1.5,114.73034469961037
2021-03-26,114780.62,0.91,116.67607705532043
2021-03-29,115418.72,0.56,117.88064455782217
2021-03-30,116849.67,1.24,120.58190747539754
2021-03-31,116633.72,-0.18,120.17424981646437
2021-04-01,115253.31,-1.18,117.56839332668467
2021-04-05,117518.44,1.97,121.84437199294665
2021-04-06,117498.87,-0.02,121.80742890248438
2021-04-07,117623.58,0.11,122.04284907680973
2021-04-08,118313.23,0.59,123.3447296254703
2021-04-09,117669.9,-0.54,122.13028923778113
2021-04-12,118811.74,0.97,124.28578736825693
2021-04-13,119297.13,0.41,125.20207794973209
2021-04-14,120294.68,0.84,127.0851939380107
2021-04-15,120700.67,0.34,127.85159788776888
2021-04-16,121113.93,0.34,128.63172571425977
2021-04-19,120933.78,-0.15,128.29164918146608
2021-04-20,120061.99,-0.72,126.64593549551407
2021-04-22,119371.48,-0.58,125.34243148963338
2021-04-23,120530.06,0.97,127.52953040367262
2021-04-26,120594.61,0.05,127.65138408222847
2021-04-27,119388.37,-1.0,125.3743154343399
2021-04-28,121052.52,1.39,128.5157995422983
2021-04-29,120065.75,-0.82,126.65303340149964
2021-04-30,118893.84,-0.98,124.4407709005487
2021-05-03,119209.48,0.27,125.03661745514773
2021-05-04,117712.0,-1.26,122.20976313192837
2021-05-05,119564.44,1.57,125.70668998404292
2021-05-06,119920.61,0.3,126.37904667949198
2021-05-07,122038.11,1.77,130.37633814877174
2021-05-10,121909.03,-0.11,130.13266854647912
2021-05-11,122964.01,0.87,132.12419749772383
2021-05-12,119710.03,-2.65,125.98152618947971
2021-05-13,120705.91,0.83,127.86148965036581
2021-05-14,121880.82,0.97,130.07941537417764
2021-05-17,122937.87,0.87,132.07485194919633
2021-05-18,122979.96,0.03,132.154306965934
2021-05-19,122636.3,-0.28,131.5055659098147
2021-05-20,122700.79,0.05,131.62730632391327
2021-05-21,122592.47,-0.09,131.42282622381774
2021-05-24,124031.62,1.17,134.13956861721275
2021-05-25,122987.71,-0.84,132.16893695832454
2021-05-26,123989.17,0.81,134.05943401373176
2021-05-27,124366.57,0.3,134.77186744962611
2021-05-28,125561.37,0.96,137.0273403410053
2021-05-31,126215.73,0.52,138.26260251141278
2021-06-01,128267.05,1.63,142.13496328438234
2021-06-02,129601.44,1.04,144.65394593547663
2021-06-04,130125.78,0.4,145.6437640270951
2021-06-07,130776.27,0.5,146.87172064001211
2021-06-08,129787.11,-0.76,145.0044427983343
2021-06-09,129906.8,0.09,145.2303865130725
