regiao,data,casosAcumulado,casosNovos,obitosAcumulado,obitosNovos,media_movel_14
Brasil,2020-02-25,0.0,0,0,0,
Brasil,2020-02-26,1.0,1,0,0,
Brasil,2020-02-27,1.0,0,0,0,
Brasil,2020-02-28,1.0,0,0,0,
Brasil,2020-02-29,2.0,1,0,0,
Brasil,2020-03-01,2.0,0,0,0,
Brasil,2020-03-02,2.0,0,0,0,
Brasil,2020-03-03,2.0,0,0,0,
Brasil,2020-03-04,3.0,1,0,0,
Brasil,2020-03-05,7.0,4,0,0,
Brasil,2020-03-06,13.0,6,0,0,
Brasil,2020-03-07,19.0,6,0,0,
Brasil,2020-03-08,25.0,6,0,0,
Brasil,2020-03-09,25.0,0,0,0,
Brasil,2020-03-10,34.0,9,0,0,0.0
Brasil,2020-03-11,52.0,18,0,0,0.0
Brasil,2020-03-12,77.0,25,0,0,0.0
Brasil,2020-03-13,98.0,21,0,0,0.0
Brasil,2020-03-14,121.0,23,0,0,0.0
Brasil,2020-03-15,200.0,79,0,0,0.0
Brasil,2020-03-16,234.0,34,0,0,0.0
Brasil,2020-03-17,291.0,57,1,1,0.0
Brasil,2020-03-18,428.0,137,4,3,0.07142857142857142
Brasil,2020-03-19,621.0,193,6,2,0.2857142857142857
Brasil,2020-03-20,904.0,283,11,5,0.42857142857142855
Brasil,2020-03-21,1128.0,224,18,7,0.7857142857142857
Brasil,2020-03-22,1546.0,418,25,7,1.2857142857142858
Brasil,2020-03-23,1891.0,345,34,9,1.7857142857142858
Brasil,2020-03-24,2201.0,310,46,12,2.4285714285714284
Brasil,2020-03-25,2433.0,232,57,11,3.2857142857142856
Brasil,2020-03-26,2915.0,482,77,20,4.071428571428571
Brasil,2020-03-27,3417.0,502,92,15,5.5
Brasil,2020-03-28,3903.0,486,114,22,6.571428571428571
Brasil,2020-03-29,4256.0,353,136,22,8.142857142857142
Brasil,2020-03-30,4579.0,323,159,23,9.714285714285714
Brasil,2020-03-31,5717.0,1138,201,42,11.357142857142858
Brasil,2020-04-01,6834.0,1117,241,40,14.285714285714286
Brasil,2020-04-02,7910.0,1076,299,58,16.928571428571427
Brasil,2020-04-03,9056.0,1146,359,60,20.928571428571427
Brasil,2020-04-04,10278.0,1222,432,73,24.857142857142858
Brasil,2020-04-05,11130.0,852,486,54,29.571428571428573
Brasil,2020-04-06,12056.0,926,553,67,32.92857142857143
Brasil,2020-04-07,13717.0,1661,667,114,37.07142857142857
Brasil,2020-04-08,15927.0,2210,800,133,44.357142857142854
Brasil,2020-04-09,17857.0,1930,941,141,53.07142857142857
Brasil,2020-04-10,19638.0,1781,1056,115,61.714285714285715
Brasil,2020-04-11,20727.0,1089,1124,68,68.85714285714286
Brasil,2020-04-12,22169.0,1442,1223,99,72.14285714285714
Brasil,2020-04-13,23430.0,1261,1328,105,77.64285714285714
Brasil,2020-04-14,25262.0,1832,1532,204,83.5
Brasil,2020-04-15,28320.0,3058,1736,204,95.07142857142857
Brasil,2020-04-16,30425.0,2105,1924,188,106.78571428571429
Brasil,2020-04-17,33682.0,3257,2141,217,116.07142857142857
Brasil,2020-04-18,36599.0,2917,2347,206,127.28571428571429
Brasil,2020-04-19,38654.0,2055,2462,115,136.78571428571428
Brasil,2020-04-20,40581.0,1927,2575,113,141.14285714285714
Brasil,2020-04-21,43079.0,2498,2741,166,144.42857142857142
Brasil,2020-04-22,45757.0,2678,2906,165,148.14285714285714
Brasil,2020-04-23,49492.0,3735,3313,407,150.42857142857142
Brasil,2020-04-24,52995.0,3503,3670,357,169.42857142857142
Brasil,2020-04-25,58509.0,5514,4016,346,186.71428571428572
Brasil,2020-04-26,61888.0,3379,4205,189,206.57142857142858
Brasil,2020-04-27,66501.0,4613,4543,338,213.0
Brasil,2020-04-28,71886.0,5385,5017,474,229.64285714285714
Brasil,2020-04-29,78162.0,6276,5466,449,248.92857142857142
Brasil,2020-04-30,85380.0,7218,5901,435,266.42857142857144
Brasil,2020-05-01,91299.0,5919,6329,428,284.07142857142856
Brasil,2020-05-02,96396.0,5097,6724,395,299.14285714285717
Brasil,2020-05-03,101147.0,4751,7025,301,312.64285714285717
Brasil,2020-05-04,107780.0,6633,7321,296,325.92857142857144
Brasil,2020-05-05,114715.0,6935,7921,600,339.0
Brasil,2020-05-06,125218.0,10503,8535,614,370.0
Brasil,2020-05-07,135106.0,9888,9146,611,402.07142857142856
Brasil,2020-05-08,145328.0,10222,9895,749,416.64285714285717
Brasil,2020-05-09,155939.0,10611,10627,732,444.64285714285717
Brasil,2020-05-10,162699.0,6760,11123,496,472.2142857142857
Brasil,2020-05-11,168331.0,5632,11519,396,494.14285714285717
Brasil,2020-05-12,177589.0,9258,12400,881,498.2857142857143
Brasil,2020-05-13,188974.0,11385,13149,749,527.3571428571429
Brasil,2020-05-14,202918.0,13944,13993,844,548.7857142857143
Brasil,2020-05-15,218223.0,15305,14817,824,578.0
Brasil,2020-05-16,233142.0,14919,15633,816,606.2857142857143
Brasil,2020-05-17,241080.0,7938,16118,485,636.3571428571429
Brasil,2020-05-18,254220.0,13140,16792,674,649.5
Brasil,2020-05-19,271628.0,17408,17971,1179,676.5
Brasil,2020-05-20,291579.0,19951,18859,888,717.8571428571429
Brasil,2020-05-21,310087.0,18508,20047,1188,737.4285714285714
Brasil,2020-05-22,330890.0,20803,21046,999,778.6428571428571
Brasil,2020-05-23,347398.0,16508,22013,967,796.5
Brasil,2020-05-24,363211.0,15813,22666,653,813.2857142857143
Brasil,2020-05-25,374898.0,11687,23473,807,824.5
Brasil,2020-05-26,391222.0,16324,24512,1039,853.8571428571429
Brasil,2020-05-27,411821.0,20599,25598,1086,865.1428571428571
Brasil,2020-05-28,438238.0,26417,26754,1156,889.2142857142857
Brasil,2020-05-29,465166.0,26928,27878,1124,911.5
Brasil,2020-05-30,498440.0,33274,28834,956,932.9285714285714
Brasil,2020-05-31,514200.0,15760,29314,480,942.9285714285714
Brasil,2020-06-01,526447.0,12247,29937,623,942.5714285714286
Brasil,2020-06-02,555383.0,28936,31199,1262,938.9285714285714
Brasil,2020-06-03,584016.0,28633,32548,1349,944.8571428571429
Brasil,2020-06-04,614941.0,30925,34021,1473,977.7857142857143
Brasil,2020-06-05,645771.0,30830,35026,1005,998.1428571428571
Brasil,2020-06-06,672846.0,27075,35930,904,998.5714285714286
Brasil,2020-06-07,691758.0,18912,36455,525,994.0714285714286
Brasil,2020-06-08,707412.0,15654,37134,679,984.9285714285714
Brasil,2020-06-09,739503.0,32091,38406,1272,975.7857142857143
Brasil,2020-06-10,772416.0,32913,39680,1274,992.4285714285714
Brasil,2020-06-11,802828.0,30412,40919,1239,1005.8571428571429
Brasil,2020-06-12,828810.0,25982,41828,909,1011.7857142857143
Brasil,2020-06-13,850514.0,21704,42720,892,996.4285714285714
Brasil,2020-06-14,867624.0,17110,43332,612,991.8571428571429
Brasil,2020-06-15,888271.0,20647,43959,627,1001.2857142857143
Brasil,2020-06-16,923189.0,34918,45241,1282,1001.5714285714286
Brasil,2020-06-17,955377.0,32188,46510,1269,1003.0
Brasil,2020-06-18,978142.0,22765,47748,1238,997.2857142857143
Brasil,2020-06-19,1032913.0,54771,48954,1206,980.5
Brasil,2020-06-20,1067579.0,34666,49976,1022,994.8571428571429
Brasil,2020-06-21,1085038.0,17459,50617,641,1003.2857142857143
Brasil,2020-06-22,1106470.0,21432,51271,654,1011.5714285714286
Brasil,2020-06-23,1145906.0,39436,52645,1374,1009.7857142857143
Brasil,2020-06-24,1188631.0,42725,53830,1185,1017.0714285714286
Brasil,2020-06-25,1228114.0,39483,54971,1141,1010.7142857142857
Brasil,2020-06-26,1274974.0,46860,55961,990,1003.7142857142857
Brasil,2020-06-27,1313667.0,38693,57070,1109,1009.5
Brasil,2020-06-28,1344143.0,30476,57622,552,1025.0
Brasil,2020-06-29,1368195.0,24052,58314,692,1020.7142857142857
Brasil,2020-06-30,1402041.0,33846,59594,1280,1025.357142857143
Brasil,2020-07-01,1448753.0,46712,60632,1038,1025.2142857142858
Brasil,2020-07-02,1496858.0,48105,61884,1252,1008.7142857142857
Brasil,2020-07-03,1539081.0,42223,63174,1290,1009.7142857142857
Brasil,2020-07-04,1577004.0,37923,64265,1091,1015.7142857142857
Brasil,2020-07-05,1603055.0,26051,64867,602,1020.6428571428571
Brasil,2020-07-06,1623284.0,20229,65487,620,1017.8571428571429
Brasil,2020-07-07,1668589.0,45305,66741,1254,1015.4285714285714
Brasil,2020-07-08,1713160.0,44571,67964,1223,1006.8571428571429
Brasil,2020-07-09,1755779.0,42619,69184,1220,1009.5714285714286
Brasil,2020-07-10,1800827.0,45048,70398,1214,1015.2142857142857
Brasil,2020-07-11,1839850.0,39023,71469,1071,1031.2142857142858
Brasil,2020-07-12,1864681.0,24831,72100,631,1028.5
Brasil,2020-07-13,1884967.0,20286,72833,733,1034.142857142857
Brasil,2020-07-14,1926824.0,41857,74133,1300,1037.0714285714287
Brasil,2020-07-15,1966748.0,39924,75366,1233,1038.5
Brasil,2020-07-16,2012151.0,45403,76688,1322,1052.4285714285713
Brasil,2020-07-17,2046328.0,34177,77851,1163,1057.4285714285713
Brasil,2020-07-18,2074860.0,28532,78772,921,1048.357142857143
Brasil,2020-07-19,2098389.0,23529,79488,716,1036.2142857142858
Brasil,2020-07-20,2118646.0,20257,80120,632,1044.357142857143
Brasil,2020-07-21,2159654.0,41008,81487,1367,1045.2142857142858
Brasil,2020-07-22,2227514.0,67860,82771,1284,1053.2857142857142
Brasil,2020-07-23,2287475.0,59961,84082,1311,1057.642857142857
Brasil,2020-07-24,2343366.0,55891,85238,1156,1064.142857142857
Brasil,2020-07-25,2394513.0,51147,86449,1211,1060.0
Brasil,2020-07-26,2419091.0,24578,87004,555,1070.0
Brasil,2020-07-27,2442375.0,23284,87618,614,1064.5714285714287
Brasil,2020-07-28,2483191.0,40816,88539,921,1056.0714285714287
Brasil,2020-07-29,2552265.0,69074,90134,1595,1029.0
Brasil,2020-07-30,2610102.0,57837,91263,1129,1054.857142857143
Brasil,2020-07-31,2662485.0,52383,92475,1212,1041.0714285714287
Brasil,2020-08-01,2707877.0,45392,93563,1088,1044.5714285714287
Brasil,2020-08-02,2733677.0,25800,94104,541,1056.5
Brasil,2020-08-03,2750318.0,16641,94665,561,1044.0
Brasil,2020-08-04,2801921.0,51603,95819,1154,1038.9285714285713
Brasil,2020-08-05,2857597.0,55676,97240,1421,1023.7142857142857
Brasil,2020-08-06,2912212.0,54615,98493,1253,1033.5
Brasil,2020-08-07,2962442.0,50230,99572,1079,1029.357142857143
Brasil,2020-08-08,3012412.0,49970,100477,905,1023.8571428571429
Brasil,2020-08-09,3035422.0,23010,101049,572,1002.0
Brasil,2020-08-10,3057470.0,22048,101752,703,1003.2142857142857
Brasil,2020-08-11,3109630.0,52160,103026,1274,1009.5714285714286
Brasil,2020-08-12,3164785.0,55155,104201,1175,1034.7857142857142
Brasil,2020-08-13,3224876.0,60091,105463,1262,1004.7857142857143
Brasil,2020-08-14,3275520.0,50644,106523,1060,1014.2857142857143
Brasil,2020-08-15,3317096.0,41576,107232,709,1003.4285714285714
Brasil,2020-08-16,3340197.0,23101,107852,620,976.3571428571429
Brasil,2020-08-17,3359570.0,19373,108536,684,982.0
Brasil,2020-08-18,3407354.0,47784,109888,1352,990.7857142857143
Brasil,2020-08-19,3456652.0,49298,111100,1212,1004.9285714285714
Brasil,2020-08-20,3501975.0,45323,112304,1204,990.0
Brasil,2020-08-21,3532330.0,30355,113358,1054,986.5
Brasil,2020-08-22,3582362.0,50032,114250,892,984.7142857142857
Brasil,2020-08-23,3605783.0,23421,114744,494,983.7857142857143
Brasil,2020-08-24,3622861.0,17078,115309,565,978.2142857142857
Brasil,2020-08-25,3669995.0,47134,116580,1271,968.3571428571429
Brasil,2020-08-26,3717156.0,47161,117665,1085,968.1428571428571
Brasil,2020-08-27,3761391.0,44235,118649,984,961.7142857142857
Brasil,2020-08-28,3804803.0,43412,119504,855,941.8571428571429
Brasil,2020-08-29,3846153.0,41350,120462,958,927.2142857142857
Brasil,2020-08-30,3862311.0,16158,120828,366,945.0
Brasil,2020-08-31,3908272.0,45961,121381,553,926.8571428571429
Brasil,2020-09-01,3950931.0,42659,122596,1215,917.5
Brasil,2020-09-02,3997865.0,46934,123780,1184,907.7142857142857
Brasil,2020-09-03,4041638.0,43773,124614,834,905.7142857142857
Brasil,2020-09-04,4092832.0,51194,125521,907,879.2857142857143
Brasil,2020-09-05,4123000.0,30168,126203,682,868.7857142857143
Brasil,2020-09-06,4137521.0,14521,126650,447,853.7857142857143
Brasil,2020-09-07,4147794.0,10273,126960,310,850.4285714285714
Brasil,2020-09-08,4162073.0,14279,127464,504,832.2142857142857
Brasil,2020-09-09,4197889.0,35816,128539,1075,777.4285714285714
Brasil,2020-09-10,4238446.0,40557,129522,983,776.7142857142857
Brasil,2020-09-11,4282164.0,43718,130396,874,776.6428571428571
Brasil,2020-09-12,4315687.0,33523,131210,814,778.0
Brasil,2020-09-13,4330455.0,14768,131625,415,767.7142857142857
Brasil,2020-09-14,4345610.0,15155,132006,381,771.2142857142857
Brasil,2020-09-15,4382263.0,36653,133119,1113,758.9285714285714
Brasil,2020-09-16,4419083.0,36820,134106,987,751.6428571428571
Brasil,2020-09-17,4455386.0,36303,134935,829,737.5714285714286
Brasil,2020-09-18,4495183.0,39797,135793,858,737.2142857142857
Brasil,2020-09-19,4528240.0,33057,136532,739,733.7142857142857
Brasil,2020-09-20,4544629.0,16389,136895,363,737.7857142857143
Brasil,2020-09-21,4558068.0,13439,137272,377,731.7857142857143
Brasil,2020-09-22,4591604.0,33536,138108,836,736.5714285714286
Brasil,2020-09-23,4624885.0,33281,138977,869,760.2857142857143
Brasil,2020-09-24,4657702.0,32817,139808,831,745.5714285714286
Brasil,2020-09-25,4689613.0,31911,140537,729,734.7142857142857
Brasil,2020-09-26,4717991.0,28378,141406,869,724.3571428571429
Brasil,2020-09-27,4732309.0,14318,141741,335,728.2857142857143
Brasil,2020-09-28,4745464.0,13155,142058,317,722.5714285714286
Brasil,2020-09-29,4777522.0,32058,142921,863,718.0
Brasil,2020-09-30,4810935.0,33413,143952,1031,700.1428571428571
Brasil,2020-10-01,4847092.0,36157,144680,728,703.2857142857143
Brasil,2020-10-02,4880523.0,33431,145388,708,696.0714285714286
Brasil,2020-10-03,4906833.0,26310,145987,599,685.3571428571429
Brasil,2020-10-04,4915289.0,8456,146352,365,675.3571428571429
Brasil,2020-10-05,4927235.0,11946,146675,323,675.5
Brasil,2020-10-06,4969141.0,41906,147494,819,671.6428571428571
Brasil,2020-10-07,5000694.0,31553,148228,734,670.4285714285714
Brasil,2020-10-08,5028444.0,27750,148957,729,660.7857142857143
Brasil,2020-10-09,5055888.0,27444,149639,682,653.5
Brasil,2020-10-10,5082637.0,26749,150198,559,650.1428571428571
Brasil,2020-10-11,5094979.0,12342,150488,290,628.0
Brasil,2020-10-12,5103408.0,8429,150689,201,624.7857142857143
Brasil,2020-10-13,5113628.0,10220,150998,309,616.5
Brasil,2020-10-14,5140863.0,27235,151747,749,576.9285714285714
Brasil,2020-10-15,5169386.0,28523,152460,713,556.7857142857143
Brasil,2020-10-16,5200300.0,30914,153214,754,555.7142857142857
Brasil,2020-10-17,5224362.0,24062,153675,461,559.0
Brasil,2020-10-18,5235344.0,10982,153905,230,549.1428571428571
Brasil,2020-10-19,5250727.0,15383,154176,271,539.5
Brasil,2020-10-20,5273954.0,23227,154837,661,535.7857142857143
Brasil,2020-10-21,5298772.0,24818,155403,566,524.5
Brasil,2020-10-22,5323630.0,24858,155900,497,512.5
Brasil,2020-10-23,5353656.0,30026,156471,571,495.92857142857144
Brasil,2020-10-24,5380635.0,26979,156903,432,488.0
Brasil,2020-10-25,5394128.0,13493,157134,231,478.92857142857144
Brasil,2020-10-26,5409854.0,15726,157397,263,474.7142857142857
Brasil,2020-10-27,5439641.0,29787,157946,549,479.14285714285717
Brasil,2020-10-28,5468270.0,28629,158456,510,496.2857142857143
Brasil,2020-10-29,5494376.0,26106,158969,513,479.2142857142857
Brasil,2020-10-30,5516658.0,22282,159477,508,464.92857142857144
Brasil,2020-10-31,5535605.0,18947,159884,407,447.35714285714283
Brasil,2020-11-01,5545705.0,10100,160074,190,443.5
Brasil,2020-11-02,5554206.0,8501,160253,179,440.64285714285717
Brasil,2020-11-03,5566049.0,11843,160496,243,434.07142857142856
Brasil,2020-11-04,5590025.0,23976,161106,610,404.2142857142857
Brasil,2020-11-05,5612319.0,22294,161736,630,407.35714285714283
Brasil,2020-11-06,5633747.0,21428,162038,302,416.85714285714283
Brasil,2020-11-07,5653561.0,19814,162269,231,397.64285714285717
Brasil,2020-11-08,5664115.0,10554,162397,128,383.2857142857143
Brasil,2020-11-09,5675032.0,10917,162628,231,375.92857142857144
Brasil,2020-11-10,5700044.0,25012,162829,201,373.64285714285717
Brasil,2020-11-11,5748375.0,48331,163373,544,348.7857142857143
Brasil,2020-11-12,5781582.0,33207,164281,908,351.2142857142857
Brasil,2020-11-13,5810652.0,29070,164737,456,379.42857142857144
Brasil,2020-11-14,5848959.0,38307,165658,921,375.7142857142857
Brasil,2020-11-15,5863093.0,14134,165798,140,412.42857142857144
Brasil,2020-11-16,5876464.0,13371,166014,216,408.85714285714283
Brasil,2020-11-17,5911758.0,35294,166699,685,411.5
Brasil,2020-11-18,5945849.0,34091,167455,756,443.07142857142856
Brasil,2020-11-19,5981767.0,35918,168061,606,453.5
Brasil,2020-11-20,6020164.0,38397,168613,552,451.7857142857143
Brasil,2020-11-21,6052786.0,32622,168989,376,469.64285714285717
Brasil,2020-11-22,6071401.0,18615,169183,194,480.0
Brasil,2020-11-23,6087608.0,16207,169485,302,484.7142857142857
Brasil,2020-11-24,6118708.0,31100,170115,630,489.7857142857143
Brasil,2020-11-25,6166606.0,47898,170769,654,520.4285714285714
Brasil,2020-11-26,6204220.0,37614,171460,691,528.2857142857143
Brasil,2020-11-27,6238350.0,34130,171974,514,512.7857142857143
Brasil,2020-11-28,6290272.0,51922,172561,587,516.9285714285714
Brasil,2020-11-29,6314740.0,24468,172833,272,493.07142857142856
Brasil,2020-11-30,6335878.0,21138,173120,287,502.5
Brasil,2020-12-01,6386787.0,50909,173817,697,507.57142857142856
Brasil,2020-12-02,6436650.0,49863,174515,698,508.42857142857144
Brasil,2020-12-03,6487084.0,50434,175270,755,504.2857142857143
Brasil,2020-12-04,6533968.0,46884,175964,694,514.9285714285714
Brasil,2020-12-05,6577177.0,43209,176628,664,525.0714285714286
Brasil,2020-12-06,6603540.0,26363,176941,313,545.6428571428571
Brasil,2020-12-07,6623911.0,20371,177317,376,554.1428571428571
Brasil,2020-12-08,6674999.0,51088,178159,842,559.4285714285714
Brasil,2020-12-09,6728452.0,53453,178995,836,574.5714285714286
Brasil,2020-12-10,6781799.0,53347,179765,770,587.5714285714286
Brasil,2020-12-11,6836227.0,54428,180437,672,593.2142857142857
Brasil,2020-12-12,6880127.0,43900,181123,686,604.5
Brasil,2020-12-13,6901952.0,21825,181402,279,611.5714285714286
Brasil,2020-12-14,6927145.0,25193,181835,433,612.0714285714286
Brasil,2020-12-15,6970034.0,42889,182799,964,622.5
Brasil,2020-12-16,7040608.0,70574,183735,936,641.5714285714286
Brasil,2020-12-17,7110434.0,69826,184827,1092,658.5714285714286
Brasil,2020-12-18,7162978.0,52544,185650,823,682.6428571428571
Brasil,2020-12-19,7213155.0,50177,186356,706,691.8571428571429
Brasil,2020-12-20,7238600.0,25445,186764,408,694.8571428571429
Brasil,2020-12-21,7263619.0,25019,187291,527,701.6428571428571
Brasil,2020-12-22,7318821.0,55202,188259,968,712.4285714285714
Brasil,2020-12-23,7365517.0,46696,189220,961,721.4285714285714
Brasil,2020-12-24,7425593.0,60076,190006,786,730.3571428571429
Brasil,2020-12-24,7425593.0,0,190006,0,731.5
Brasil,2020-12-25,7448560.0,22967,190488,482,683.5
Brasil,2020-12-26,7465806.0,17246,190795,307,668.9285714285714
Brasil,2020-12-27,7484285.0,18479,191139,344,670.9285714285714
Brasil,2020-12-28,7504833.0,20548,191570,431,664.5714285714286
Brasil,2020-12-29,7563551.0,58718,192681,1111,626.5
Brasil,2020-12-30,7619200.0,55649,193875,1194,639.0
Brasil,2020-12-31,7675973.0,56773,194949,1074,646.2857142857143
Brasil,2021-01-01,7700578.0,24605,195411,462,664.2142857142857
Brasil,2021-01-02,7716405.0,15827,195725,314,646.7857142857143
Brasil,2021-01-03,7733746.0,17341,196018,293,640.0714285714286
Brasil,2021-01-04,7753752.0,20006,196561,543,623.3571428571429
Brasil,2021-01-05,7810400.0,56648,197732,1171,593.0
Brasil,2021-01-06,7873830.0,63430,198974,1242,608.0
Brasil,2021-01-07,7961673.0,87843,200498,1524,640.5714285714286
Brasil,2021-01-08,8013708.0,52035,201460,962,749.4285714285714
Brasil,2021-01-09,8075998.0,62290,202631,1171,783.7142857142857
Brasil,2021-01-10,8105790.0,29792,203100,469,845.4285714285714
Brasil,2021-01-11,8131612.0,25822,203580,480,854.3571428571429
Brasil,2021-01-12,8195637.0,64025,204690,1110,857.8571428571429
Brasil,2021-01-13,8256536.0,60899,205964,1274,857.7857142857143
Brasil,2021-01-13,8256536.0,0,205964,0,863.5
Brasil,2021-01-14,8324294.0,67758,207095,1131,786.7857142857143
Brasil,2021-01-15,8393492.0,69198,208246,1151,834.5714285714286
Brasil,2021-01-16,8455059.0,61567,209296,1050,894.3571428571429
Brasil,2021-01-17,8488099.0,33040,209847,551,948.4285714285714
Brasil,2021-01-18,8511770.0,23671,210299,452,949.0
Brasil,2021-01-19,8573864.0,62094,211491,1192,897.6428571428571
Brasil,2021-01-20,8638249.0,64385,212831,1340,894.0714285714286
Brasil,2021-01-21,8697368.0,59119,214147,1316,880.9285714285714
Brasil,2021-01-22,8753920.0,56552,215243,1096,906.2142857142857
Brasil,2021-01-23,8816254.0,62334,216445,1202,900.8571428571429
Brasil,2021-01-24,8844577.0,28323,217037,592,953.2142857142857
Brasil,2021-01-25,8871393.0,26816,217664,627,961.2142857142857
Brasil,2021-01-26,8933356.0,61963,218878,1214,926.7142857142857
Brasil,2021-01-27,8996876.0,63520,220161,1283,922.4285714285714
Brasil,2021-01-28,9058687.0,61811,221547,1386,1014.0714285714286
Brasil,2021-01-29,9118513.0,59826,222666,1119,1032.2857142857142
Brasil,2021-01-30,9176975.0,58462,223945,1279,1030.0
Brasil,2021-01-31,9204731.0,27756,224504,559,1046.357142857143
Brasil,2021-02-01,9229322.0,24591,225099,595,1046.9285714285713
Brasil,2021-02-02,9283418.0,54096,226309,1210,1057.142857142857
Brasil,2021-02-03,9339420.0,56002,227563,1254,1058.4285714285713
Brasil,2021-02-04,9396293.0,56873,228795,1232,1052.2857142857142
Brasil,2021-02-05,9447165.0,50872,230034,1239,1046.2857142857142
Brasil,2021-02-06,9497795.0,50630,231012,978,1056.5
Brasil,2021-02-07,9524640.0,26845,231534,522,1040.5
Brasil,2021-02-08,9548079.0,23439,232170,636,1035.5
Brasil,2021-02-09,9599565.0,51486,233520,1350,1036.142857142857
Brasil,2021-02-10,9659167.0,59602,234850,1330,1045.857142857143
Brasil,2021-02-11,9713909.0,54742,236201,1351,1049.2142857142858
Brasil,2021-02-12,9765455.0,51546,237489,1288,1046.7142857142858
Brasil,2021-02-13,9809754.0,44299,238532,1043,1058.7857142857142
Brasil,2021-02-14,9834513.0,24759,239245,713,1041.9285714285713
Brasil,2021-02-15,9866710.0,32197,239773,528,1052.9285714285713
Brasil,2021-02-16,9921981.0,55271,240940,1167,1048.142857142857
Brasil,2021-02-17,9978747.0,56766,242090,1150,1045.0714285714287
Brasil,2021-02-18,10030626.0,51879,243457,1367,1037.642857142857
Brasil,2021-02-19,10081676.0,51050,244765,1308,1047.2857142857142
Brasil,2021-02-20,10139148.0,57472,245977,1212,1052.2142857142858
Brasil,2021-02-21,10168174.0,29026,246504,527,1068.9285714285713
Brasil,2021-02-22,10195160.0,26986,247143,639,1069.2857142857142
Brasil,2021-02-23,10257875.0,62715,248529,1386,1069.5
Brasil,2021-02-24,10324463.0,66588,249957,1428,1072.0714285714287
Brasil,2021-02-25,10390461.0,65998,251498,1541,1079.0714285714287
Brasil,2021-02-26,10455630.0,65169,252835,1337,1092.642857142857
Brasil,2021-02-27,10517232.0,61602,254221,1386,1096.142857142857
Brasil,2021-02-28,10551259.0,34027,254942,721,1120.642857142857
Brasil,2021-03-01,10587001.0,35742,255720,778,1121.2142857142858
Brasil,2021-03-02,10646926.0,59925,257361,1641,1139.0714285714287
Brasil,2021-03-03,10718630.0,71704,259271,1910,1172.9285714285713
Brasil,2021-03-04,10793732.0,75102,260970,1699,1227.2142857142858
Brasil,2021-03-05,10869227.0,75495,262770,1800,1250.9285714285713
Brasil,2021-03-06,10938836.0,69609,264325,1555,1286.0714285714287
Brasil,2021-03-07,11019344.0,80508,265411,1086,1310.5714285714287
Brasil,2021-03-08,11051665.0,32321,266398,987,1350.5
Brasil,2021-03-09,11122429.0,70764,268370,1972,1375.357142857143
Brasil,2021-03-10,11202305.0,79876,270656,2286,1417.2142857142858
Brasil,2021-03-11,11277717.0,75412,272889,2233,1478.5
Brasil,2021-03-12,11363380.0,85663,275105,2216,1527.9285714285713
Brasil,2021-03-13,11439558.0,76178,277102,1997,1590.7142857142858
Brasil,2021-03-14,11483370.0,43812,278229,1127,1634.357142857143
Brasil,2021-03-15,11519609.0,36239,279286,1057,1663.357142857143
Brasil,2021-03-16,11603535.0,83926,282127,2841,1683.2857142857142
Brasil,2021-03-17,11693838.0,90303,284775,2648,1769.0
Brasil,2021-03-18,11780820.0,86982,287499,2724,1821.7142857142858
Brasil,2021-03-19,11871390.0,90570,290314,2815,1894.9285714285713
Brasil,2021-03-20,11950459.0,79069,292752,2438,1967.4285714285713
Brasil,2021-03-21,11998233.0,47774,294042,1290,2030.5
Brasil,2021-03-22,12047526.0,49293,295425,1383,2045.0714285714287
Brasil,2021-03-23,12130019.0,82493,298676,3251,2073.3571428571427
Brasil,2021-03-24,12220011.0,89992,300685,2009,2164.714285714286
Brasil,2021-03-25,12320169.0,100158,303462,2777,2144.9285714285716
Brasil,2021-03-26,12404414.0,84245,307112,3650,2183.785714285714
Brasil,2021-03-27,12490362.0,85948,310550,3438,2286.214285714286
Brasil,2021-03-28,12534688.0,44326,312206,1656,2389.1428571428573
Brasil,2021-03-29,12573615.0,38927,313866,1660,2426.9285714285716
Brasil,2021-03-30,12658109.0,84494,317646,3780,2470.0
Brasil,2021-03-31,12748747.0,90638,321515,3869,2537.0714285714284
Brasil,2021-04-01,12839844.0,91097,325284,3769,2624.285714285714
Brasil,2021-04-02,12910082.0,70238,328206,2922,2698.9285714285716
Brasil,2021-04-03,12953597.0,43515,330193,1987,2706.5714285714284
Brasil,2021-04-04,12984956.0,31359,331433,1240,2674.3571428571427
Brasil,2021-04-05,13013601.0,28645,332752,1319,2670.785714285714
Brasil,2021-04-06,13100580.0,86979,336947,4195,2666.214285714286
Brasil,2021-04-07,13193205.0,92625,340776,3829,2733.6428571428573
Brasil,2021-04-08,13279857.0,86652,345025,4249,2863.6428571428573
Brasil,2021-04-09,13373174.0,93317,348718,3693,2968.785714285714
Brasil,2021-04-10,13445006.0,71832,351334,2616,2971.8571428571427
Brasil,2021-04-11,13482023.0,37017,353137,1803,2913.1428571428573
Brasil,2021-04-12,13517808.0,35785,354617,1480,2923.6428571428573
Brasil,2021-04-13,13599994.0,82186,358425,3808,2910.785714285714
Brasil,2021-04-14,13673507.0,73513,361884,3459,2912.785714285714
Brasil,2021-04-15,13746681.0,73174,365444,3560,2883.5
Brasil,2021-04-16,13832455.0,85774,368749,3305,2868.5714285714284
Brasil,2021-04-17,13900091.0,67636,371678,2929,2895.9285714285716
Brasil,2021-04-18,13943071.0,42980,373335,1657,2963.214285714286
Brasil,2021-04-19,13973695.0,30624,374682,1347,2993.0
Brasil,2021-04-20,14043076.0,69381,378003,3321,2995.0
Brasil,2021-04-21,14122795.0,79719,381475,3472,2932.5714285714284
Brasil,2021-04-22,14167973.0,45178,383502,2027,2907.0714285714284
Brasil,2021-04-23,14237078.0,69105,386416,2914,2748.3571428571427
Brasil,2021-04-24,14308215.0,71137,389492,3076,2692.714285714286
Brasil,2021-04-25,14340787.0,32572,390797,1305,2725.5714285714284
Brasil,2021-04-26,14369423.0,28636,391936,1139,2690.0
Brasil,2021-04-27,14441563.0,72140,395022,3086,2665.6428571428573
Brasil,2021-04-28,14521289.0,79726,398185,3163,2614.0714285714284
Brasil,2021-04-29,14590678.0,69389,401186,3001,2592.9285714285716
Brasil,2021-04-30,14659011.0,68333,403781,2595,2553.0
Brasil,2021-05-01,14725975.0,66964,406437,2656,2502.285714285714
Brasil,2021-05-02,14754910.0,28935,407639,1202,2482.785714285714
Brasil,2021-05-03,14779529.0,24619,408622,983,2450.285714285714
Brasil,2021-05-04,14856888.0,77359,411588,2966,2424.285714285714
Brasil,2021-05-05,14930183.0,73295,414399,2811,2398.9285714285716
Brasil,2021-05-06,15003563.0,73380,416949,2550,2351.714285714286
Brasil,2021-05-07,15082449.0,78886,419114,2165,2389.0714285714284
Brasil,2021-05-08,15145879.0,63430,421316,2202,2335.5714285714284
Brasil,2021-05-09,15184790.0,38911,422340,1024,2273.1428571428573
Brasil,2021-05-10,15209990.0,25200,423229,889,2253.0714285714284
Brasil,2021-05-11,15282705.0,72715,425540,2311,2235.214285714286
Brasil,2021-05-12,15359397.0,76692,428034,2494,2179.8571428571427
Brasil,2021-05-13,15433989.0,74592,430417,2383,2132.0714285714284
Brasil,2021-05-14,15519525.0,85536,432628,2211,2087.9285714285716
Brasil,2021-05-15,15586534.0,67009,434715,2087,2060.5
Brasil,2021-05-16,15627475.0,40941,435751,1036,2019.857142857143
Brasil,2021-05-17,15657391.0,29916,436537,786,2008.0
Brasil,2021-05-18,15732836.0,75445,439050,2513,1993.9285714285713
Brasil,2021-05-19,15812055.0,79219,441691,2641,1961.5714285714287
Brasil,2021-05-20,15894094.0,82039,444094,2403,1949.4285714285713
Brasil,2021-05-21,15970949.0,76855,446309,2215,1938.9285714285713
Brasil,2021-05-22,16047439.0,76490,448208,1899,1942.5
Brasil,2021-05-23,16083258.0,35819,449068,860,1920.857142857143
Brasil,2021-05-24,16120756.0,37498,449858,790,1909.142857142857
Brasil,2021-05-25,16194209.0,73453,452031,2173,1902.0714285714287
Brasil,2021-05-26,16274695.0,80486,454429,2398,1892.2142857142858
Brasil,2021-05-27,16342162.0,67467,456674,2245,1885.357142857143
Brasil,2021-05-28,16391930.0,49768,459045,2371,1875.5
Brasil,2021-05-29,16471600.0,79670,461057,2012,1886.9285714285713
Brasil,2021-05-30,16515120.0,43520,461931,874,1881.5714285714287
Brasil,2021-05-31,16545554.0,30434,462791,860,1870.0
Brasil,2021-06-01,16624480.0,78926,465199,2408,1875.2857142857142
Brasil,2021-06-02,16720081.0,95601,467706,2507,1867.7857142857142
Brasil,2021-06-03,16803472.0,83391,469388,1682,1858.2142857142858
Brasil,2021-06-04,16841408.0,37936,470842,1454,1806.7142857142858
Brasil,2021-06-05,16907425.0,66017,472531,1689,1752.357142857143
Brasil,2021-06-06,16947062.0,39637,473404,873,1737.357142857143
Brasil,2021-06-07,16984218.0,37156,474414,1010,1738.2857142857142
Brasil,2021-06-08,17037129.0,52911,476792,2378,1754.0
Brasil,2021-06-09,17122877.0,85748,479515,2723,1768.642857142857
Brasil,2021-06-10,17210969.0,88092,482019,2504,1791.857142857143
Brasil,2021-06-11,17296118.0,85149,484235,2216,1810.357142857143
Brasil,2021-06-12,17374818.0,78700,486272,2037,1799.2857142857142
Brasil,2021-06-13,17412766.0,37948,487401,1129,1801.0714285714287
